1;1005;GUNS, THROUGH 30 MM;barang;0000-00-00 00:00:00;0000-00-00 00:00:00
2;1010;GUNS, OVER 30 MM UP TO 75 MM;barang;0000-00-00 00:00:00;0000-00-00 00:00:00
3;1015;GUNS, 75 MM THROUGH 125 MM;barang;0000-00-00 00:00:00;0000-00-00 00:00:00
4;1020;GUNS, OVER 125 MM THROUGH 150 MM;barang;0000-00-00 00:00:00;0000-00-00 00:00:00
5;1025;GUNS, OVER 150 MM THROUGH 200 MM;barang;0000-00-00 00:00:00;0000-00-00 00:00:00
6;1030;GUNS, OVER 200 MM THROUGH 300 MM;barang;0000-00-00 00:00:00;0000-00-00 00:00:00
7;1035;GUNS, OVER 300 MM;barang;0000-00-00 00:00:00;0000-00-00 00:00:00
8;1040;CHEMICAL WEAPONS AND EQUIPMENT;barang;0000-00-00 00:00:00;0000-00-00 00:00:00
9;1045;LAUNCHERS, TORPEDO AND DEPTH CHARGE;barang;0000-00-00 00:00:00;0000-00-00 00:00:00
10;1055;LAUNCHERS, GRENADE, ROCKET AND PYRO;barang;0000-00-00 00:00:00;0000-00-00 00:00:00
11;1070;NETS AND BOOMS, ORDNANCE;barang;0000-00-00 00:00:00;0000-00-00 00:00:00
12;1075;DEGAUSSING AND MINE SWEEPING EQUIPM;barang;0000-00-00 00:00:00;0000-00-00 00:00:00
13;1080;CAMOUFLAGE AND DECEPTION EQUIPMENT;barang;0000-00-00 00:00:00;0000-00-00 00:00:00
14;1090;ASSEMBLIES INTERCHANGEABLE BETWEEN ;barang;0000-00-00 00:00:00;0000-00-00 00:00:00
15;1095;MISCELLANEOUS WEAPONS;barang;0000-00-00 00:00:00;0000-00-00 00:00:00
16;1105;NUCLEAR BOMBS;barang;0000-00-00 00:00:00;0000-00-00 00:00:00
17;1110;NUCLEAR PROJECTILES;barang;0000-00-00 00:00:00;0000-00-00 00:00:00
18;1115;NUCLEAR WARHEADS AND WARHEAD SECTIO;barang;0000-00-00 00:00:00;0000-00-00 00:00:00
19;1120;NUCLEAR DEPTH CHARGES;barang;0000-00-00 00:00:00;0000-00-00 00:00:00
20;1125;NUCLEAR DEMOLITION CHARGES;barang;0000-00-00 00:00:00;0000-00-00 00:00:00
21;1127;NUCLEAR ROCKETS;barang;0000-00-00 00:00:00;0000-00-00 00:00:00
22;1130;CONVERSION KITS, NUCLEAR ORDNANCE;barang;0000-00-00 00:00:00;0000-00-00 00:00:00
23;1135;FUZING AND FIRING DEVICES, NUCLEAR ;barang;0000-00-00 00:00:00;0000-00-00 00:00:00
24;1140;NUCLEAR COMPONENTS;barang;0000-00-00 00:00:00;0000-00-00 00:00:00
25;1145;EXPLOSIVE AND PYROTECHNIC COMPONENT;barang;0000-00-00 00:00:00;0000-00-00 00:00:00
26;1190;SPECIALIZED TEST AND HANDLING EQUIP;barang;0000-00-00 00:00:00;0000-00-00 00:00:00
27;1195;MISCELLANEOUS NUCLEAR ORDNANCE;barang;0000-00-00 00:00:00;0000-00-00 00:00:00
28;1210;FIRE CONTROL DIRECTORS;barang;0000-00-00 00:00:00;0000-00-00 00:00:00
29;1220;FIRE CONTROL COMPUTING SIGHTS AND D;barang;0000-00-00 00:00:00;0000-00-00 00:00:00
30;1230;FIRE CONTROL SYSTEMS, COMPLETE;barang;0000-00-00 00:00:00;0000-00-00 00:00:00
31;1240;OPTICAL SIGHTING AND RANGING EQUIPM;barang;0000-00-00 00:00:00;0000-00-00 00:00:00
32;1250;FIRE CONTROL STABILIZING MECHANISMS;barang;0000-00-00 00:00:00;0000-00-00 00:00:00
33;1260;FIRE CONTROL DESIGNATING AND INDICA;barang;0000-00-00 00:00:00;0000-00-00 00:00:00
34;1265;FIRE CONTROL TRANSMITTING AND RECEI;barang;0000-00-00 00:00:00;0000-00-00 00:00:00
35;1270;AIRCRAFT GUNNERY FIRE CONTROL COMPO;barang;0000-00-00 00:00:00;0000-00-00 00:00:00
36;1280;AIRCRAFT BOMBING FIRE CONTROL COMPO;barang;0000-00-00 00:00:00;0000-00-00 00:00:00
37;1285;FIRE CONTROL RADAR EQUIPMENT, EXCEP;barang;0000-00-00 00:00:00;0000-00-00 00:00:00
38;1287;FIRE CONTROL SONAR EQUIPMENT;barang;0000-00-00 00:00:00;0000-00-00 00:00:00
39;1290;MISCELLANEOUS FIRE CONTROL EQUIPMEN;barang;0000-00-00 00:00:00;0000-00-00 00:00:00
40;1305;AMMUNITION, THROUGH 30 MM;barang;0000-00-00 00:00:00;0000-00-00 00:00:00
41;1310;AMMUNITION, OVER 30 MM UP TO 75 MM;barang;0000-00-00 00:00:00;0000-00-00 00:00:00
42;1315;AMMUNITION, 75 MM THROUGH 125 MM;barang;0000-00-00 00:00:00;0000-00-00 00:00:00
43;1320;AMMUNITION, OVER 125 MM;barang;0000-00-00 00:00:00;0000-00-00 00:00:00
44;1325;BOMBS;barang;0000-00-00 00:00:00;0000-00-00 00:00:00
45;1330;GRENADES;barang;0000-00-00 00:00:00;0000-00-00 00:00:00
46;1336;GUIDED MISSILE WARHEADS AND EXPLOSI;barang;0000-00-00 00:00:00;0000-00-00 00:00:00
47;1337;GUIDED MISSILE & SPACE VEHICLE EXPL;barang;0000-00-00 00:00:00;0000-00-00 00:00:00
48;1338;GUIDED MISSILE AND SPACE VEHICLE IN;barang;0000-00-00 00:00:00;0000-00-00 00:00:00
49;1340;ROCKETS, ROCKET AMMUNITION AND ROCK;barang;0000-00-00 00:00:00;0000-00-00 00:00:00
50;1345;LAND MINES;barang;0000-00-00 00:00:00;0000-00-00 00:00:00
51;1350;UNDERWATER MINE INERT COMPONENTS;barang;0000-00-00 00:00:00;0000-00-00 00:00:00
52;1351;UNDERWATER MINE EXPLOSIVE COMPONENT;barang;0000-00-00 00:00:00;0000-00-00 00:00:00
53;1355;TORPEDO INERT COMPONENTS;barang;0000-00-00 00:00:00;0000-00-00 00:00:00
54;1356;TORPEDO EXPLOSIVE COMPONENTS;barang;0000-00-00 00:00:00;0000-00-00 00:00:00
55;1360;DEPTH CHARGE INERT COMPONENTS;barang;0000-00-00 00:00:00;0000-00-00 00:00:00
56;1361;DEPTH CHARGE EXPLOSIVE COMPONENTS;barang;0000-00-00 00:00:00;0000-00-00 00:00:00
57;2050;BUOYS;barang;0000-00-00 00:00:00;0000-00-00 00:00:00
58;2060;COMMERCIAL FISHING EQUIPMENT;barang;0000-00-00 00:00:00;0000-00-00 00:00:00
59;2090;MISCELLANEOUS SHIP AND MARINE EQUIP;barang;0000-00-00 00:00:00;0000-00-00 00:00:00
60;2210;LOCOMOTIVES;barang;0000-00-00 00:00:00;0000-00-00 00:00:00
61;2220;RAIL CARS;barang;0000-00-00 00:00:00;0000-00-00 00:00:00
62;2230;RIGHT-OF-WAY CONSTRUCTION AND MAINT;barang;0000-00-00 00:00:00;0000-00-00 00:00:00
63;2240;LOCOMOTIVE AND RAIL CAR ACCESSORIES;barang;0000-00-00 00:00:00;0000-00-00 00:00:00
64;2250;TRACK MATERIALS, RAILWAY;barang;0000-00-00 00:00:00;0000-00-00 00:00:00
65;2305;GROUND EFFECT VEHICLES;barang;0000-00-00 00:00:00;0000-00-00 00:00:00
66;2310;PASSENGER MOTOR VEHICLES;barang;0000-00-00 00:00:00;0000-00-00 00:00:00
67;2320;TRUCKS AND TRUCK TRACTORS, WHEELED;barang;0000-00-00 00:00:00;0000-00-00 00:00:00
68;2330;TRAILERS;barang;0000-00-00 00:00:00;0000-00-00 00:00:00
69;2340;MOTORCYCLES, MOTOR SCOOTERS, AND BI;barang;0000-00-00 00:00:00;0000-00-00 00:00:00
70;2350;COMBAT, ASSAULT, AND TACTICAL VEHIC;barang;0000-00-00 00:00:00;0000-00-00 00:00:00
71;2410;TRACTORS, FULL TRACKED, LOW SPEED;barang;0000-00-00 00:00:00;0000-00-00 00:00:00
72;2420;TRACTORS, WHEELED;barang;0000-00-00 00:00:00;0000-00-00 00:00:00
73;2430;TRACTORS, FULL TRACKED, HIGH SPEED;barang;0000-00-00 00:00:00;0000-00-00 00:00:00
74;2510;VEHICULAR CAB, BODY, AND FRAME STRU;barang;0000-00-00 00:00:00;0000-00-00 00:00:00
75;2520;VEHICULAR POWER TRANSMISSION COMPON;barang;0000-00-00 00:00:00;0000-00-00 00:00:00
76;2530;VEHICULAR BRAKE, STEERING, AXLE, WH;barang;0000-00-00 00:00:00;0000-00-00 00:00:00
77;2540;VEHICULAR FURNITURE AND ACCESSORIES;barang;0000-00-00 00:00:00;0000-00-00 00:00:00
78;2541;WEAPONS SYSTEMS SPECIFIC VEHICULAR ;barang;0000-00-00 00:00:00;0000-00-00 00:00:00
79;2590;MISCELLANEOUS VEHICULAR COMPONENTS;barang;0000-00-00 00:00:00;0000-00-00 00:00:00
80;2610;TYRES AND TUBES, PNEUMATIC, EXCEPT ;barang;0000-00-00 00:00:00;0000-00-00 00:00:00
81;2620;TYRES AND TUBES, PNEUMATIC, AIRCRAF;barang;0000-00-00 00:00:00;0000-00-00 00:00:00
82;2630;TYRES, SOLID AND CUSHION;barang;0000-00-00 00:00:00;0000-00-00 00:00:00
83;2640;TYRE REBUILDING AND TYRE AND TUBE R;barang;0000-00-00 00:00:00;0000-00-00 00:00:00
84;2805;GASOLINE RECIPROCATING ENGINES, EXC;barang;0000-00-00 00:00:00;0000-00-00 00:00:00
85;2810;GASOLINE RECIPROCATING ENGINES, AIR;barang;0000-00-00 00:00:00;0000-00-00 00:00:00
86;2815;DIESEL ENGINES AND COMPONENTS;barang;0000-00-00 00:00:00;0000-00-00 00:00:00
87;2820;STEAM ENGINES, RECIPROCATING,  AND ;barang;0000-00-00 00:00:00;0000-00-00 00:00:00
88;2825;STEAM TURBINES AND COMPONENTS;barang;0000-00-00 00:00:00;0000-00-00 00:00:00
89;2830;WATER TURBINES AND WATER WHEELS, AN;barang;0000-00-00 00:00:00;0000-00-00 00:00:00
90;2835;GAS TURBINES AND JET ENGINES, NONAI;barang;0000-00-00 00:00:00;0000-00-00 00:00:00
91;2840;GAS TURBINES AND JET ENGINES, AIRCR;barang;0000-00-00 00:00:00;0000-00-00 00:00:00
92;2845;ROCKET ENGINES AND COMPONENTS;barang;0000-00-00 00:00:00;0000-00-00 00:00:00
93;2850;GASOLINE ROTARY ENGINES AND COMPONE;barang;0000-00-00 00:00:00;0000-00-00 00:00:00
94;2895;MISCELLANEOUS ENGINES AND COMPONENT;barang;0000-00-00 00:00:00;0000-00-00 00:00:00
95;2910;ENGINE FUEL SYSTEM COMPONENTS, NONA;barang;0000-00-00 00:00:00;0000-00-00 00:00:00
96;2915;ENGINE FUEL SYSTEM COMPONENTS, AIRC;barang;0000-00-00 00:00:00;0000-00-00 00:00:00
97;2920;ENGINE ELECTRICAL SYSTEM COMPONENTS;barang;0000-00-00 00:00:00;0000-00-00 00:00:00
98;2925;ENGINE ELECTRICAL SYSTEM COMPONENTS;barang;0000-00-00 00:00:00;0000-00-00 00:00:00
99;2930;ENGINE COOLING SYSTEM COMPONENTS, N;barang;0000-00-00 00:00:00;0000-00-00 00:00:00
100;2935;ENGINE COOLING SYSTEM COMPONENTS, A;barang;0000-00-00 00:00:00;0000-00-00 00:00:00
101;2940;ENGINE AIR AND OIL FILTERS, STRAINE;barang;0000-00-00 00:00:00;0000-00-00 00:00:00
102;2945;ENGINE AIR AND OIL FILTERS, STRAINE;barang;0000-00-00 00:00:00;0000-00-00 00:00:00
103;2950;TURBOSUPERCHARGERS;barang;0000-00-00 00:00:00;0000-00-00 00:00:00
104;2990;MISCELLANEOUS ENGINE ACCESSORIES, N;barang;0000-00-00 00:00:00;0000-00-00 00:00:00
105;2995;MISCELLANEOUS ENGINE ACCESSORIES, A;barang;0000-00-00 00:00:00;0000-00-00 00:00:00
106;3010;TORQUE CONVERTERS AND SPEED CHANGER;barang;0000-00-00 00:00:00;0000-00-00 00:00:00
107;3020;GEARS, PULLEYS, SPROCKETS, AND TRAN;barang;0000-00-00 00:00:00;0000-00-00 00:00:00
108;3030;BELTING, DRIVE BELTS, FAN BELTS, AN;barang;0000-00-00 00:00:00;0000-00-00 00:00:00
109;3040;MISCELLANEOUS POWER TRANSMISSION EQ;barang;0000-00-00 00:00:00;0000-00-00 00:00:00
110;3110;BEARINGS, ANTIFRICTION, UNMOUNTED;barang;0000-00-00 00:00:00;0000-00-00 00:00:00
111;3120;BEARINGS, PLAIN, UNMOUNTED;barang;0000-00-00 00:00:00;0000-00-00 00:00:00
112;3130;BEARINGS, MOUNTED;barang;0000-00-00 00:00:00;0000-00-00 00:00:00
113;3610;PRINTING, DUPLICATING, AND BOOKBIND;barang;0000-00-00 00:00:00;0000-00-00 00:00:00
114;3611;INDUSTRIAL MARKING MACHINES;barang;0000-00-00 00:00:00;0000-00-00 00:00:00
115;3615;PULP AND PAPER INDUSTRIES MACHINERY;barang;0000-00-00 00:00:00;0000-00-00 00:00:00
116;3620;RUBBER AND PLASTICS WORKING MACHINE;barang;0000-00-00 00:00:00;0000-00-00 00:00:00
117;3625;TEXTILES INDUSTRIES MACHINERY;barang;0000-00-00 00:00:00;0000-00-00 00:00:00
118;3630;CLAY AND CONCRETE PRODUCTS INDUSTRI;barang;0000-00-00 00:00:00;0000-00-00 00:00:00
119;3635;CRYSTAL AND GLASS INDUSTRIES MACHIN;barang;0000-00-00 00:00:00;0000-00-00 00:00:00
120;3640;TOBACCO MANUFACTURING MACHINERY;barang;0000-00-00 00:00:00;0000-00-00 00:00:00
121;3645;LEATHER TANNING AND LEATHER WORKING;barang;0000-00-00 00:00:00;0000-00-00 00:00:00
122;3650;CHEMICAL AND PHARMACEUTICAL PRODUCT;barang;0000-00-00 00:00:00;0000-00-00 00:00:00
123;3655;GAS GENERATING AND DISPENSING SYSTE;barang;0000-00-00 00:00:00;0000-00-00 00:00:00
124;3660;INDUSTRIAL SIZE REDUCTION MACHINERY;barang;0000-00-00 00:00:00;0000-00-00 00:00:00
125;3670;SPECIALIZED SEMICONDUCTOR, MICROCIR;barang;0000-00-00 00:00:00;0000-00-00 00:00:00
126;3680;FOUNDRY MACHINERY, RELATED EQUIPMEN;barang;0000-00-00 00:00:00;0000-00-00 00:00:00
127;3685;SPECIALIZED METAL CONTAINER MANUFAC;barang;0000-00-00 00:00:00;0000-00-00 00:00:00
128;3690;SPECIALIZED AMMUNITION AND ORDNANCE;barang;0000-00-00 00:00:00;0000-00-00 00:00:00
129;3693;INDUSTRIAL ASSEMBLY MACHINES;barang;0000-00-00 00:00:00;0000-00-00 00:00:00
130;3694;CLEAN WORK STATIONS, CONTROLLED ENV;barang;0000-00-00 00:00:00;0000-00-00 00:00:00
131;3695;MISCELLANEOUS SPECIAL INDUSTRY MACH;barang;0000-00-00 00:00:00;0000-00-00 00:00:00
132;3710;SOIL PREPARATION EQUIPMENT;barang;0000-00-00 00:00:00;0000-00-00 00:00:00
133;3720;HARVESTING EQUIPMENT;barang;0000-00-00 00:00:00;0000-00-00 00:00:00
134;3730;DAIRY, POULTRY, AND LIVESTOCK EQUIP;barang;0000-00-00 00:00:00;0000-00-00 00:00:00
135;3740;PEST, DISEASE, AND FROST CONTROL EQ;barang;0000-00-00 00:00:00;0000-00-00 00:00:00
136;3750;GARDENING IMPLEMENTS AND TOOLS;barang;0000-00-00 00:00:00;0000-00-00 00:00:00
137;3770;SADDLERY, HARNESS, WHIPS, AND RELAT;barang;0000-00-00 00:00:00;0000-00-00 00:00:00
138;3805;EARTH MOVING AND EXCAVATING EQUIPME;barang;0000-00-00 00:00:00;0000-00-00 00:00:00
139;3810;CRANES AND CRANE-SHOVELS;barang;0000-00-00 00:00:00;0000-00-00 00:00:00
140;3815;CRANE AND CRANE-SHOVEL ATTACHMENTS;barang;0000-00-00 00:00:00;0000-00-00 00:00:00
141;3820;MINING, ROCK DRILLING, EARTH BORING;barang;0000-00-00 00:00:00;0000-00-00 00:00:00
142;3825;ROAD CLEARING, CLEANING AND MARKING;barang;0000-00-00 00:00:00;0000-00-00 00:00:00
143;3830;TRUCK AND TRACTOR ATTACHMENTS;barang;0000-00-00 00:00:00;0000-00-00 00:00:00
144;3835;PETROLEUM PRODUCTION AND DISTRIBUTI;barang;0000-00-00 00:00:00;0000-00-00 00:00:00
145;3895;MISCELLANEOUS CONSTRUCTION EQUIPMEN;barang;0000-00-00 00:00:00;0000-00-00 00:00:00
146;3910;CONVEYORS;barang;0000-00-00 00:00:00;0000-00-00 00:00:00
147;3915;MATERIALS FEEDERS;barang;0000-00-00 00:00:00;0000-00-00 00:00:00
148;3920;MATERIALS HANDLING EQUIPMENT, NONSE;barang;0000-00-00 00:00:00;0000-00-00 00:00:00
149;3930;WAREHOUSE TRUCKS AND TRACTORS, SELF;barang;0000-00-00 00:00:00;0000-00-00 00:00:00
150;3940;BLOCKS, TACKLE, RIGGING, AND SLINGS;barang;0000-00-00 00:00:00;0000-00-00 00:00:00
151;3950;WINCHES, HOISTS, CRANES, AND DERRIC;barang;0000-00-00 00:00:00;0000-00-00 00:00:00
152;3960;FREIGHT ELEVATORS;barang;0000-00-00 00:00:00;0000-00-00 00:00:00
153;3990;MISCELLANEOUS MATERIALS HANDLING EQ;barang;0000-00-00 00:00:00;0000-00-00 00:00:00
154;4010;CHAIN AND WIRE ROPE;barang;0000-00-00 00:00:00;0000-00-00 00:00:00
155;4020;FIBRE ROPE, CORDAGE, AND TWINE;barang;0000-00-00 00:00:00;0000-00-00 00:00:00
156;4030;FITTINGS FOR ROPE, CABLE, AND CHAIN;barang;0000-00-00 00:00:00;0000-00-00 00:00:00
157;4110;REFRIGERATION EQUIPMENT;barang;0000-00-00 00:00:00;0000-00-00 00:00:00
158;4120;AIR CONDITIONING EQUIPMENT;barang;0000-00-00 00:00:00;0000-00-00 00:00:00
159;4130;REFRIGERATION AND AIR CONDITIONING ;barang;0000-00-00 00:00:00;0000-00-00 00:00:00
160;4140;FANS, AIR CIRCULATORS, AND BLOWER E;barang;0000-00-00 00:00:00;0000-00-00 00:00:00
161;4150;VORTEX TUBES AND OTHER RELATED COOL;barang;0000-00-00 00:00:00;0000-00-00 00:00:00
162;4210;FIRE FIGHTING EQUIPMENT;barang;0000-00-00 00:00:00;0000-00-00 00:00:00
163;4220;MARINE LIFESAVING AND DIVING EQUIPM;barang;0000-00-00 00:00:00;0000-00-00 00:00:00
164;4230;DECONTAMINATING AND IMPREGNATING EQ;barang;0000-00-00 00:00:00;0000-00-00 00:00:00
165;4235;HAZARDOUS MATERIAL SPILL CONTAINMEN;barang;0000-00-00 00:00:00;0000-00-00 00:00:00
166;4240;SAFETY AND RESCUE EQUIPMENT;barang;0000-00-00 00:00:00;0000-00-00 00:00:00
167;4250;RECYCLING AND RECLAMATION EQUIPMENT;barang;0000-00-00 00:00:00;0000-00-00 00:00:00
168;4310;COMPRESSORS AND VACUUM PUMPS;barang;0000-00-00 00:00:00;0000-00-00 00:00:00
169;5342;HARDWARE, WEAPONS SYSTEM;barang;0000-00-00 00:00:00;0000-00-00 00:00:00
170;5345;DISKS AND STONES, ABRASIVE;barang;0000-00-00 00:00:00;0000-00-00 00:00:00
171;5350;ABRASIVE MATERIALS;barang;0000-00-00 00:00:00;0000-00-00 00:00:00
172;5355;KNOBS AND POINTERS;barang;0000-00-00 00:00:00;0000-00-00 00:00:00
173;5360;COIL, FLAT, LEAF, AND WIRE SPRINGS;barang;0000-00-00 00:00:00;0000-00-00 00:00:00
174;5365;BUSHINGS, RINGS, SHIMS, AND SPACERS;barang;0000-00-00 00:00:00;0000-00-00 00:00:00
175;5395;UNDEFINED FROM CATALOGING;barang;0000-00-00 00:00:00;0000-00-00 00:00:00
176;5410;PREFABRICATED AND PORTABLE BUILDING;barang;0000-00-00 00:00:00;0000-00-00 00:00:00
177;5411;RIGID WALL SHELTERS;barang;0000-00-00 00:00:00;0000-00-00 00:00:00
178;5419;COLLECTIVE MODULAR SUPPORT SYSTEMS;barang;0000-00-00 00:00:00;0000-00-00 00:00:00
179;5420;BRIDGES, FIXED AND FLOATING;barang;0000-00-00 00:00:00;0000-00-00 00:00:00
180;5430;STORAGE TANKS;barang;0000-00-00 00:00:00;0000-00-00 00:00:00
181;5440;SCAFFOLDING EQUIPMENT AND CONCRETE ;barang;0000-00-00 00:00:00;0000-00-00 00:00:00
182;5445;PREFABRICATED TOWER STRUCTURES;barang;0000-00-00 00:00:00;0000-00-00 00:00:00
183;5450;MISCELLANEOUS PREFABRICATED STRUCTU;barang;0000-00-00 00:00:00;0000-00-00 00:00:00
184;5510;TIMBER AND RELATED BASIC WOOD MATER;barang;0000-00-00 00:00:00;0000-00-00 00:00:00
185;5515;UNDEFINED FROM CATALOGING;barang;0000-00-00 00:00:00;0000-00-00 00:00:00
186;5520;MILLWORK;barang;0000-00-00 00:00:00;0000-00-00 00:00:00
187;5530;PLYWOOD AND VENEER;barang;0000-00-00 00:00:00;0000-00-00 00:00:00
188;5610;MINERAL CONSTRUCTION MATERIALS, BUL;barang;0000-00-00 00:00:00;0000-00-00 00:00:00
189;5620;TILE, BRICK, AND BLOCK;barang;0000-00-00 00:00:00;0000-00-00 00:00:00
190;5630;PIPE AND CONDUIT, NONMETALLIC;barang;0000-00-00 00:00:00;0000-00-00 00:00:00
191;5640;WALLBOARD, BUILDING PAPER, AND THER;barang;0000-00-00 00:00:00;0000-00-00 00:00:00
192;5650;ROOFING AND SIDING MATERIALS;barang;0000-00-00 00:00:00;0000-00-00 00:00:00
193;5660;FENCING, FENCES, GATES AND COMPONEN;barang;0000-00-00 00:00:00;0000-00-00 00:00:00
194;5670;BUILDING COMPONENTS, PREFABRICATED;barang;0000-00-00 00:00:00;0000-00-00 00:00:00
195;5680;MISCELLANEOUS CONSTRUCTION MATERIAL;barang;0000-00-00 00:00:00;0000-00-00 00:00:00
196;5805;TELEPHONE AND TELEGRAPH EQUIPMENT;barang;0000-00-00 00:00:00;0000-00-00 00:00:00
197;5810;COMMUNICATIONS SECURITY EQUIPMENT A;barang;0000-00-00 00:00:00;0000-00-00 00:00:00
198;5811;OTHER CRYPTOLOGIC EQUIPMENT AND COM;barang;0000-00-00 00:00:00;0000-00-00 00:00:00
199;5815;TELETYPE AND FACSIMILE EQUIPMENT;barang;0000-00-00 00:00:00;0000-00-00 00:00:00
200;5820;RADIO AND TELEVISION COMMUNICATION ;barang;0000-00-00 00:00:00;0000-00-00 00:00:00
201;5821;RADIO AND TELEVISION COMMUNICATION ;barang;0000-00-00 00:00:00;0000-00-00 00:00:00
202;5825;RADIO NAVIGATION EQUIPMENT, EXCEPT ;barang;0000-00-00 00:00:00;0000-00-00 00:00:00
203;5826;RADIO NAVIGATION EQUIPMENT, AIRBORN;barang;0000-00-00 00:00:00;0000-00-00 00:00:00
204;5829;UNDEFINED FROM CATALOGING;barang;0000-00-00 00:00:00;0000-00-00 00:00:00
205;5830;INTERCOMMUNICATION AND PUBLIC ADDRE;barang;0000-00-00 00:00:00;0000-00-00 00:00:00
206;5831;INTERCOMMUNICATION AND PUBLIC ADDRE;barang;0000-00-00 00:00:00;0000-00-00 00:00:00
207;5835;SOUND RECORDING AND REPRODUCING EQU;barang;0000-00-00 00:00:00;0000-00-00 00:00:00
208;5836;VIDEO RECORDING AND REPRODUCING EQU;barang;0000-00-00 00:00:00;0000-00-00 00:00:00
209;5840;RADAR EQUIPMENT, EXCEPT AIRBORNE;barang;0000-00-00 00:00:00;0000-00-00 00:00:00
210;5841;RADAR EQUIPMENT, AIRBORNE;barang;0000-00-00 00:00:00;0000-00-00 00:00:00
211;5845;UNDERWATER SOUND EQUIPMENT;barang;0000-00-00 00:00:00;0000-00-00 00:00:00
212;5850;VISIBLE AND INVISIBLE LIGHT COMMUNI;barang;0000-00-00 00:00:00;0000-00-00 00:00:00
213;5855;NIGHT VISION EQUIPMENT, EMITTED AND;barang;0000-00-00 00:00:00;0000-00-00 00:00:00
214;5860;STIMULATED COHERENT RADIATION DEVIC;barang;0000-00-00 00:00:00;0000-00-00 00:00:00
215;5865;ELECTRONIC COUNTERMEASURES, COUNTER;barang;0000-00-00 00:00:00;0000-00-00 00:00:00
216;5895;MISCELLANEOUS COMMUNICATION EQUIPME;barang;0000-00-00 00:00:00;0000-00-00 00:00:00
217;5905;RESISTORS;barang;0000-00-00 00:00:00;0000-00-00 00:00:00
218;5910;CAPACITORS;barang;0000-00-00 00:00:00;0000-00-00 00:00:00
219;5915;FILTERS AND NETWORKS;barang;0000-00-00 00:00:00;0000-00-00 00:00:00
220;5920;FUSES, ARRESTERS, ABSORBERS, AND PR;barang;0000-00-00 00:00:00;0000-00-00 00:00:00
221;5925;CIRCUIT BREAKERS;barang;0000-00-00 00:00:00;0000-00-00 00:00:00
222;5930;SWITCHES;barang;0000-00-00 00:00:00;0000-00-00 00:00:00
223;5935;CONNECTORS, ELECTRICAL;barang;0000-00-00 00:00:00;0000-00-00 00:00:00
224;5940;LUGS, TERMINALS, AND TERMINALS STRI;barang;0000-00-00 00:00:00;0000-00-00 00:00:00
225;6508;MEDICATED COSMETICS AND TOILETRIES;barang;0000-00-00 00:00:00;0000-00-00 00:00:00
226;6510;SURGICAL DRESSING MATERIALS;barang;0000-00-00 00:00:00;0000-00-00 00:00:00
227;6515;MEDICAL AND SURGICAL INSTRUMENTS, E;barang;0000-00-00 00:00:00;0000-00-00 00:00:00
228;6520;DENTAL INSTRUMENTS, EQUIPMENT, AND ;barang;0000-00-00 00:00:00;0000-00-00 00:00:00
229;6525;X-RAY EQUIPMENT AND SUPPLIES:  MEDI;barang;0000-00-00 00:00:00;0000-00-00 00:00:00
230;6530;HOSPITAL FURNITURE, EQUIPMENT, UTEN;barang;0000-00-00 00:00:00;0000-00-00 00:00:00
231;6532;HOSPITAL AND SURGICAL CLOTHING AND ;barang;0000-00-00 00:00:00;0000-00-00 00:00:00
232;6540;OPHTHALMIC INSTRUMENTS, EQUIPMENT, ;barang;0000-00-00 00:00:00;0000-00-00 00:00:00
233;6545;REPLENISHABLE FIELD MEDICAL SETS, K;barang;0000-00-00 00:00:00;0000-00-00 00:00:00
234;6550;IN VITRO DIAGNOSTIC SUBSTANCES, REA;barang;0000-00-00 00:00:00;0000-00-00 00:00:00
235;6605;NAVIGATIONAL INSTRUMENTS;barang;0000-00-00 00:00:00;0000-00-00 00:00:00
236;6610;FLIGHT INSTRUMENTS;barang;0000-00-00 00:00:00;0000-00-00 00:00:00
237;6615;AUTOMATIC PILOT MECHANISMS AND AIRB;barang;0000-00-00 00:00:00;0000-00-00 00:00:00
238;6620;ENGINE INSTRUMENTS;barang;0000-00-00 00:00:00;0000-00-00 00:00:00
239;6625;ELECTRICAL AND ELECTRONIC PROPERTIE;barang;0000-00-00 00:00:00;0000-00-00 00:00:00
240;6630;CHEMICAL ANALYSIS INSTRUMENTS;barang;0000-00-00 00:00:00;0000-00-00 00:00:00
241;6635;PHYSICAL PROPERTIES TESTING AND INS;barang;0000-00-00 00:00:00;0000-00-00 00:00:00
242;6636;ENVIRONMENTAL CHAMBERS AND RELATED ;barang;0000-00-00 00:00:00;0000-00-00 00:00:00
243;6640;LABORATORY EQUIPMENT AND SUPPLIES;barang;0000-00-00 00:00:00;0000-00-00 00:00:00
244;6645;TIME MEASURING INSTRUMENTS;barang;0000-00-00 00:00:00;0000-00-00 00:00:00
245;6650;OPTICAL INSTRUMENTS, TEST EQUIPMENT;barang;0000-00-00 00:00:00;0000-00-00 00:00:00
246;6655;GEOPHYSICAL AND ASTRONOMICAL INSTRU;barang;0000-00-00 00:00:00;0000-00-00 00:00:00
247;6660;METEROLOGICAL INSTRUMENTS AND APPAR;barang;0000-00-00 00:00:00;0000-00-00 00:00:00
248;6665;HAZARD-DETECTING INSTRUMENTS AND AP;barang;0000-00-00 00:00:00;0000-00-00 00:00:00
249;6670;SCALES AND BALANCES;barang;0000-00-00 00:00:00;0000-00-00 00:00:00
250;6675;DRAFTING, SURVEYING, AND MAPPING IN;barang;0000-00-00 00:00:00;0000-00-00 00:00:00
251;6680;LIQUID AND GAS FLOW, LIQUID LEVEL, ;barang;0000-00-00 00:00:00;0000-00-00 00:00:00
252;6685;PRESSURE, TEMPERATURE, AND HUMIDITY;barang;0000-00-00 00:00:00;0000-00-00 00:00:00
253;6695;COMBINATION AND MISCELLANEOUS INSTR;barang;0000-00-00 00:00:00;0000-00-00 00:00:00
254;6710;CAMERAS, MOTION PICTURE;barang;0000-00-00 00:00:00;0000-00-00 00:00:00
255;6720;CAMERAS, STILL PICTURE;barang;0000-00-00 00:00:00;0000-00-00 00:00:00
256;6730;PHOTOGRAPHIC PROJECTION EQUIPMENT;barang;0000-00-00 00:00:00;0000-00-00 00:00:00
257;6740;PHOTOGRAPHIC DEVELOPING AND FINISHI;barang;0000-00-00 00:00:00;0000-00-00 00:00:00
258;6750;PHOTOGRAPHIC SUPPLIES;barang;0000-00-00 00:00:00;0000-00-00 00:00:00
259;6760;PHOTOGRAPHIC EQUIPMENT AND ACCESSOR;barang;0000-00-00 00:00:00;0000-00-00 00:00:00
260;6770;FILM, PROCESSED;barang;0000-00-00 00:00:00;0000-00-00 00:00:00
261;6780;PHOTOGRAPHIC SETS, KITS, AND OUTFIT;barang;0000-00-00 00:00:00;0000-00-00 00:00:00
262;6810;CHEMICALS;barang;0000-00-00 00:00:00;0000-00-00 00:00:00
263;6820;DYES;barang;0000-00-00 00:00:00;0000-00-00 00:00:00
264;6830;GASES:  COMPRESSED AND LIQUEFIED;barang;0000-00-00 00:00:00;0000-00-00 00:00:00
265;6840;PEST CONTROL AGENTS AND DISINFECTAN;barang;0000-00-00 00:00:00;0000-00-00 00:00:00
266;6850;MISCELLANEOUS CHEMICAL SPECIALTIES;barang;0000-00-00 00:00:00;0000-00-00 00:00:00
267;6910;TRAINING AIDS;barang;0000-00-00 00:00:00;0000-00-00 00:00:00
268;6920;ARMAMENT TRAINING DEVICES;barang;0000-00-00 00:00:00;0000-00-00 00:00:00
269;6930;OPERATION TRAINING DEVICES;barang;0000-00-00 00:00:00;0000-00-00 00:00:00
270;6940;COMMUNICATION TRAINING DEVICES;barang;0000-00-00 00:00:00;0000-00-00 00:00:00
271;7010;ADPE SYSTEM CONFIGURATION;barang;0000-00-00 00:00:00;0000-00-00 00:00:00
272;7020;ADP CENTRAL PROCESSING UNIT (CPU, C;barang;0000-00-00 00:00:00;0000-00-00 00:00:00
273;7021;ADP CENTRAL PROCESSING UNIT (CPU, C;barang;0000-00-00 00:00:00;0000-00-00 00:00:00
274;7022;ADP CENTRAL PROCESSING UNIT (CPU, C;barang;0000-00-00 00:00:00;0000-00-00 00:00:00
275;7025;ADP INPUT/OUTPUT AND STORAGE DEVICE;barang;0000-00-00 00:00:00;0000-00-00 00:00:00
276;7030;ADP SOFTWARE;barang;0000-00-00 00:00:00;0000-00-00 00:00:00
277;7035;ADP SUPPORT EQUIPMENT;barang;0000-00-00 00:00:00;0000-00-00 00:00:00
278;7040;PUNCHED CARD EQUIPMENT;barang;0000-00-00 00:00:00;0000-00-00 00:00:00
279;7042;MINI AND MICRO COMPUTER CONTROL DEV;barang;0000-00-00 00:00:00;0000-00-00 00:00:00
280;7045;ADP SUPPLIES;barang;0000-00-00 00:00:00;0000-00-00 00:00:00
281;8130;REELS AND SPOOLS;barang;0000-00-00 00:00:00;0000-00-00 00:00:00
282;8135;PACKAGING AND PACKING BULK MATERIAL;barang;0000-00-00 00:00:00;0000-00-00 00:00:00
283;8140;AMMUNITION AND NUCLEAR ORDNANCE BOX;barang;0000-00-00 00:00:00;0000-00-00 00:00:00
284;8145;SPECIALIZED SHIPPING AND STORAGE CO;barang;0000-00-00 00:00:00;0000-00-00 00:00:00
285;8305;TEXTILE FABRICS;barang;0000-00-00 00:00:00;0000-00-00 00:00:00
286;8310;YARN AND THREAD;barang;0000-00-00 00:00:00;0000-00-00 00:00:00
287;8315;NOTIONS AND APPAREL FINDINGS;barang;0000-00-00 00:00:00;0000-00-00 00:00:00
288;8320;PADDING AND STUFFING MATERIALS;barang;0000-00-00 00:00:00;0000-00-00 00:00:00
289;8325;FUR MATERIALS;barang;0000-00-00 00:00:00;0000-00-00 00:00:00
290;8330;LEATHER;barang;0000-00-00 00:00:00;0000-00-00 00:00:00
291;8335;SHOE FINDINGS AND SOLING MATERIALS;barang;0000-00-00 00:00:00;0000-00-00 00:00:00
292;8340;TENTS AND TARPAULINS;barang;0000-00-00 00:00:00;0000-00-00 00:00:00
293;8345;FLAGS AND PENNANTS;barang;0000-00-00 00:00:00;0000-00-00 00:00:00
294;8405;OUTERWEAR, MEN'S;barang;0000-00-00 00:00:00;0000-00-00 00:00:00
295;8410;OUTERWEAR, WOMEN'S;barang;0000-00-00 00:00:00;0000-00-00 00:00:00
296;8415;CLOTHING, SPECIAL PURPOSE;barang;0000-00-00 00:00:00;0000-00-00 00:00:00
297;8420;UNDERWEAR AND NIGHTWEAR, MEN'S;barang;0000-00-00 00:00:00;0000-00-00 00:00:00
298;8425;UNDERWEAR AND NIGHTWEAR, WOMEN'S;barang;0000-00-00 00:00:00;0000-00-00 00:00:00
299;8430;FOOTWEAR, MEN'S;barang;0000-00-00 00:00:00;0000-00-00 00:00:00
300;8435;FOOTWEAR, WOMEN'S;barang;0000-00-00 00:00:00;0000-00-00 00:00:00
301;8440;HOSIERY, HANDWEAR, AND CLOTHING ACC;barang;0000-00-00 00:00:00;0000-00-00 00:00:00
302;8445;HOSIERY, HANDWEAR, AND CLOTHING ACC;barang;0000-00-00 00:00:00;0000-00-00 00:00:00
303;8450;CHILDREN'S AND INFANT'S APPAREL AND;barang;0000-00-00 00:00:00;0000-00-00 00:00:00
304;8455;BADGES AND INSIGNIA;barang;0000-00-00 00:00:00;0000-00-00 00:00:00
305;8460;LUGGAGE;barang;0000-00-00 00:00:00;0000-00-00 00:00:00
306;8465;INDIVIDUAL EQUIPMENT;barang;0000-00-00 00:00:00;0000-00-00 00:00:00
307;8470;ARMOUR, PERSONAL;barang;0000-00-00 00:00:00;0000-00-00 00:00:00
308;8475;SPECIALIZED FLIGHT CLOTHING AND ACC;barang;0000-00-00 00:00:00;0000-00-00 00:00:00
309;8510;PERFUMES, TOILET PREPARATIONS, AND ;barang;0000-00-00 00:00:00;0000-00-00 00:00:00
310;8520;TOILET SOAP, SHAVING PREPARATIONS, ;barang;0000-00-00 00:00:00;0000-00-00 00:00:00
311;8530;PERSONAL TOILETRY ARTICLES;barang;0000-00-00 00:00:00;0000-00-00 00:00:00
312;8540;TOILETRY PAPER PRODUCTS;barang;0000-00-00 00:00:00;0000-00-00 00:00:00
313;8710;FORAGE AND FEED;barang;0000-00-00 00:00:00;0000-00-00 00:00:00
314;8720;FERTILIZERS;barang;0000-00-00 00:00:00;0000-00-00 00:00:00
315;8730;SEEDS AND NURSERY STOCK;barang;0000-00-00 00:00:00;0000-00-00 00:00:00
316;8810;LIVE ANIMALS, RAISED FOR FOOD;barang;0000-00-00 00:00:00;0000-00-00 00:00:00
317;8820;LIVE ANIMALS, NOT RAISED FOR FOOD;barang;0000-00-00 00:00:00;0000-00-00 00:00:00
318;8905;MEAT, POULTRY, AND FISH;barang;0000-00-00 00:00:00;0000-00-00 00:00:00
319;8910;DAIRY FOODS AND EGGS;barang;0000-00-00 00:00:00;0000-00-00 00:00:00
320;8915;FRUITS AND VEGETABLES;barang;0000-00-00 00:00:00;0000-00-00 00:00:00
321;8920;BAKERY AND CEREAL PRODUCTS;barang;0000-00-00 00:00:00;0000-00-00 00:00:00
322;8925;SUGAR, CONFECTIONERY, AND NUTS;barang;0000-00-00 00:00:00;0000-00-00 00:00:00
323;8930;JAMS, JELLIES, AND PRESERVES;barang;0000-00-00 00:00:00;0000-00-00 00:00:00
324;8935;SOUPS AND BOUILLONS;barang;0000-00-00 00:00:00;0000-00-00 00:00:00
325;8940;SPECIAL DIETARY FOODS AND FOOD SPEC;barang;0000-00-00 00:00:00;0000-00-00 00:00:00
326;8945;FOOD, OILS AND FATS;barang;0000-00-00 00:00:00;0000-00-00 00:00:00
327;8950;CONDIMENTS AND RELATED PRODUCTS;barang;0000-00-00 00:00:00;0000-00-00 00:00:00
328;8955;COFFEE, TEA, AND COCOA;barang;0000-00-00 00:00:00;0000-00-00 00:00:00
329;8960;BEVERAGES, NONALCOHOLIC;barang;0000-00-00 00:00:00;0000-00-00 00:00:00
330;8965;BEVERAGES, ALCOHOLIC;barang;0000-00-00 00:00:00;0000-00-00 00:00:00
331;8970;COMPOSITE FOOD PACKAGES;barang;0000-00-00 00:00:00;0000-00-00 00:00:00
332;8975;TOBACCO PRODUCTS;barang;0000-00-00 00:00:00;0000-00-00 00:00:00
333;9110;FUELS, SOLID;barang;0000-00-00 00:00:00;0000-00-00 00:00:00
334;9130;LIQUID PROPELLANTS AND FUELS, PETRO;barang;0000-00-00 00:00:00;0000-00-00 00:00:00
335;9135;LIQUID PROPELLANT FUELS AND OXIDIZE;barang;0000-00-00 00:00:00;0000-00-00 00:00:00
336;9140;FUEL OILS;barang;0000-00-00 00:00:00;0000-00-00 00:00:00
337;9799;MISCELLANEOUS SERVICES;barang;0000-00-00 00:00:00;0000-00-00 00:00:00
338;9905;SIGNS, ADVERTISING DISPLAYS, AND IN;barang;0000-00-00 00:00:00;0000-00-00 00:00:00
339;9910;JEWELLERY;barang;0000-00-00 00:00:00;0000-00-00 00:00:00
340;9915;COLLECTORS AND/OR HISTORICAL ITEMS;barang;0000-00-00 00:00:00;0000-00-00 00:00:00
341;9920;SMOKERS' ARTICLES AND MATCHES;barang;0000-00-00 00:00:00;0000-00-00 00:00:00
342;9925;ECCLESIASTICAL EQUIPMENT, FURNISHIN;barang;0000-00-00 00:00:00;0000-00-00 00:00:00
343;9930;MEMORIALS, CEMETERIAL AND MORTUARY ;barang;0000-00-00 00:00:00;0000-00-00 00:00:00
344;9999;MISCELLANEOUS ITEMS;barang;0000-00-00 00:00:00;0000-00-00 00:00:00
345;1365;MILITARY CHEMICAL AGENTS;barang;0000-00-00 00:00:00;0000-00-00 00:00:00
346;1376;BULK EXPLOSIVES;barang;0000-00-00 00:00:00;0000-00-00 00:00:00
347;1377;CARTRIDGE AND PROPELLANT ACTUATED D;barang;0000-00-00 00:00:00;0000-00-00 00:00:00
348;1385;SURFACE USE EXPLOSIVE ORDNANCE DISP;barang;0000-00-00 00:00:00;0000-00-00 00:00:00
349;1386;UNDERWATER USE EXPLOSIVE ORDNANCE D;barang;0000-00-00 00:00:00;0000-00-00 00:00:00
350;1390;FUZES AND PRIMERS;barang;0000-00-00 00:00:00;0000-00-00 00:00:00
351;1395;MISCELLANEOUS AMMUNITION;barang;0000-00-00 00:00:00;0000-00-00 00:00:00
352;1398;SPECIALIZED AMMUNITION HANDLING AND;barang;0000-00-00 00:00:00;0000-00-00 00:00:00
353;1410;GUIDED MISSILES;barang;0000-00-00 00:00:00;0000-00-00 00:00:00
354;1420;GUIDED MISSILE COMPONENTS;barang;0000-00-00 00:00:00;0000-00-00 00:00:00
355;1425;GUIDED MISSILE SYSTEMS, COMPLETE;barang;0000-00-00 00:00:00;0000-00-00 00:00:00
356;1427;GUIDED MISSILE SUBSYSTEMS;barang;0000-00-00 00:00:00;0000-00-00 00:00:00
357;1430;GUIDED MISSILE REMOTE CONTROL SYSTE;barang;0000-00-00 00:00:00;0000-00-00 00:00:00
358;1440;LAUNCHERS, GUIDED MISSILE;barang;0000-00-00 00:00:00;0000-00-00 00:00:00
359;1450;GUIDED MISSILE HANDLING AND SERVICI;barang;0000-00-00 00:00:00;0000-00-00 00:00:00
360;1510;AIRCRAFT, FIXED WING;barang;0000-00-00 00:00:00;0000-00-00 00:00:00
361;1520;AIRCRAFT, ROTARY WING;barang;0000-00-00 00:00:00;0000-00-00 00:00:00
362;1540;GLIDERS;barang;0000-00-00 00:00:00;0000-00-00 00:00:00
363;1550;DRONES;barang;0000-00-00 00:00:00;0000-00-00 00:00:00
364;1560;AIRFRAME STRUCTURAL COMPONENTS;barang;0000-00-00 00:00:00;0000-00-00 00:00:00
365;1610;AIRCRAFT PROPELLERS;barang;0000-00-00 00:00:00;0000-00-00 00:00:00
366;1615;HELICOPTER ROTOR BLADES, DRIVE MECH;barang;0000-00-00 00:00:00;0000-00-00 00:00:00
367;1620;AIRCRAFT LANDING GEAR COMPONENTS;barang;0000-00-00 00:00:00;0000-00-00 00:00:00
368;1630;AIRCRAFT WHEEL AND BRAKE SYSTEMS;barang;0000-00-00 00:00:00;0000-00-00 00:00:00
369;1650;AIRCRAFT HYDRAULIC, VACUUM, AND DE-;barang;0000-00-00 00:00:00;0000-00-00 00:00:00
370;1660;AIRCRAFT AIR CONDITIONING, HEATING,;barang;0000-00-00 00:00:00;0000-00-00 00:00:00
371;1670;PARACHUTES,  AERIAL PICK UP, DELIVE;barang;0000-00-00 00:00:00;0000-00-00 00:00:00
372;1680;MISCELLANEOUS AIRCRAFT ACCESSORIES ;barang;0000-00-00 00:00:00;0000-00-00 00:00:00
373;1710;AIRCRAFT LANDING EQUIPMENT;barang;0000-00-00 00:00:00;0000-00-00 00:00:00
374;1720;AIRCRAFT LAUNCHING EQUIPMENT;barang;0000-00-00 00:00:00;0000-00-00 00:00:00
375;1730;AIRCRAFT GROUND SERVICING EQUIPMENT;barang;0000-00-00 00:00:00;0000-00-00 00:00:00
376;1740;AIRFIELD SPECIALIZED TRUCKS AND TRA;barang;0000-00-00 00:00:00;0000-00-00 00:00:00
377;1810;SPACE VEHICLES;barang;0000-00-00 00:00:00;0000-00-00 00:00:00
378;1820;SPACE VEHICLE COMPONENTS;barang;0000-00-00 00:00:00;0000-00-00 00:00:00
379;1830;SPACE VEHICLE REMOTE CONTROL SYSTEM;barang;0000-00-00 00:00:00;0000-00-00 00:00:00
380;1840;SPACE VEHICLE LAUNCHERS;barang;0000-00-00 00:00:00;0000-00-00 00:00:00
381;1850;SPACE VEHICLE HANDLING AND SERVICIN;barang;0000-00-00 00:00:00;0000-00-00 00:00:00
382;1860;SPACE SURVIVAL EQUIPMENT;barang;0000-00-00 00:00:00;0000-00-00 00:00:00
383;1905;COMBAT SHIPS AND LANDING VESSELS;barang;0000-00-00 00:00:00;0000-00-00 00:00:00
384;1910;TRANSPORT VESSELS, PASSENGER AND TR;barang;0000-00-00 00:00:00;0000-00-00 00:00:00
385;1915;CARGO AND TANKER VESSELS;barang;0000-00-00 00:00:00;0000-00-00 00:00:00
386;1920;FISHING VESSELS;barang;0000-00-00 00:00:00;0000-00-00 00:00:00
387;1925;SPECIAL SERVICE VESSELS;barang;0000-00-00 00:00:00;0000-00-00 00:00:00
388;1930;BARGES AND LIGHTERS, CARGO;barang;0000-00-00 00:00:00;0000-00-00 00:00:00
389;1935;BARGES AND LIGHTERS, SPECIAL PURPOS;barang;0000-00-00 00:00:00;0000-00-00 00:00:00
390;1940;SMALL CRAFT;barang;0000-00-00 00:00:00;0000-00-00 00:00:00
391;1945;PONTOONS AND FLOATING DOCKS;barang;0000-00-00 00:00:00;0000-00-00 00:00:00
392;1950;FLOATING DRYDOCKS;barang;0000-00-00 00:00:00;0000-00-00 00:00:00
393;1955;DREDGES;barang;0000-00-00 00:00:00;0000-00-00 00:00:00
394;1990;MISCELLANEOUS VESSELS;barang;0000-00-00 00:00:00;0000-00-00 00:00:00
395;2010;SHIP AND BOAT PROPULSION EQUIPMENT;barang;0000-00-00 00:00:00;0000-00-00 00:00:00
396;2020;RIGGING AND RIGGING GEAR;barang;0000-00-00 00:00:00;0000-00-00 00:00:00
397;2030;DECK MACHINERY;barang;0000-00-00 00:00:00;0000-00-00 00:00:00
398;2040;MARINE HARDWARE AND HULL ITEMS;barang;0000-00-00 00:00:00;0000-00-00 00:00:00
399;3210;SAWMILL AND PLANING MILL MACHINERY;barang;0000-00-00 00:00:00;0000-00-00 00:00:00
400;3220;WOODWORKING MACHINES;barang;0000-00-00 00:00:00;0000-00-00 00:00:00
401;3230;TOOLS AND ATTACHMENTS FOR WOODWORKI;barang;0000-00-00 00:00:00;0000-00-00 00:00:00
402;3310;TUBULARS AND RELATED EQUIPMENT, SPE;barang;0000-00-00 00:00:00;0000-00-00 00:00:00
403;3320;WELLHEAD EQUIPMENT, COMPONENTS AND ;barang;0000-00-00 00:00:00;0000-00-00 00:00:00
404;3330;DOWNHOLE COMPLETION EQUIPMENT (BELO;barang;0000-00-00 00:00:00;0000-00-00 00:00:00
405;3340;DRILLING TOOLS AND EQUIPMENT;barang;0000-00-00 00:00:00;0000-00-00 00:00:00
406;3350;DRILLING CEMENT AND ASSOCIATED MATE;barang;0000-00-00 00:00:00;0000-00-00 00:00:00
407;3360;WELL BORE FLUIDS AND ASSOCIATED MAT;barang;0000-00-00 00:00:00;0000-00-00 00:00:00
408;3370;MISCELLANEOUS COMPLETION, WELL TEST;barang;0000-00-00 00:00:00;0000-00-00 00:00:00
409;3380;OIL SPILL EQUIPMENT;barang;0000-00-00 00:00:00;0000-00-00 00:00:00
410;3390;OIL AND GAS PRODUCTION EQUIPMENT AN;barang;0000-00-00 00:00:00;0000-00-00 00:00:00
411;3405;SAWS AND FILING MACHINES;barang;0000-00-00 00:00:00;0000-00-00 00:00:00
412;3408;MACHINING CENTRES AND WAY-TYPE MACH;barang;0000-00-00 00:00:00;0000-00-00 00:00:00
413;3410;ELECTRICAL AND ULTRASONIC EROSION M;barang;0000-00-00 00:00:00;0000-00-00 00:00:00
414;3411;BORING MACHINES;barang;0000-00-00 00:00:00;0000-00-00 00:00:00
415;3412;BROACHING MACHINES;barang;0000-00-00 00:00:00;0000-00-00 00:00:00
416;3413;DRILLING AND TAPPING MACHINES;barang;0000-00-00 00:00:00;0000-00-00 00:00:00
417;3414;GEAR CUTTING AND FINISHING MACHINES;barang;0000-00-00 00:00:00;0000-00-00 00:00:00
418;3415;GRINDING MACHINES;barang;0000-00-00 00:00:00;0000-00-00 00:00:00
419;3416;LATHES;barang;0000-00-00 00:00:00;0000-00-00 00:00:00
420;3417;MILLING MACHINES;barang;0000-00-00 00:00:00;0000-00-00 00:00:00
421;3418;PLANERS AND SHAPERS;barang;0000-00-00 00:00:00;0000-00-00 00:00:00
422;3419;MISCELLANEOUS MACHINE TOOLS;barang;0000-00-00 00:00:00;0000-00-00 00:00:00
423;3422;ROLLING MILLS AND DRAWING MACHINES;barang;0000-00-00 00:00:00;0000-00-00 00:00:00
424;3424;METAL HEAT TREATING AND NON-THERMAL;barang;0000-00-00 00:00:00;0000-00-00 00:00:00
425;3426;METAL FINISHING EQUIPMENT;barang;0000-00-00 00:00:00;0000-00-00 00:00:00
426;3431;ELECTRIC ARC WELDING EQUIPMENT;barang;0000-00-00 00:00:00;0000-00-00 00:00:00
427;3432;ELECTRIC RESISTANCE WELDING EQUIPME;barang;0000-00-00 00:00:00;0000-00-00 00:00:00
428;3433;GAS WELDING, HEAT CUTTING, AND META;barang;0000-00-00 00:00:00;0000-00-00 00:00:00
429;3436;WELDING POSITIONERS AND MANIPULATOR;barang;0000-00-00 00:00:00;0000-00-00 00:00:00
430;3438;MISCELLANEOUS WELDING EQUIPMENT;barang;0000-00-00 00:00:00;0000-00-00 00:00:00
431;3439;MISCELLANEOUS WELDING, SOLDERING, A;barang;0000-00-00 00:00:00;0000-00-00 00:00:00
432;3441;BENDING AND FORMING MACHINES;barang;0000-00-00 00:00:00;0000-00-00 00:00:00
433;3442;HYDRAULIC AND PNEUMATIC PRESSES, PO;barang;0000-00-00 00:00:00;0000-00-00 00:00:00
434;3443;MECHANICAL PRESSES, POWER DRIVEN;barang;0000-00-00 00:00:00;0000-00-00 00:00:00
435;3444;MANUAL PRESSES;barang;0000-00-00 00:00:00;0000-00-00 00:00:00
436;3445;PUNCHING AND SHEARING MACHINES;barang;0000-00-00 00:00:00;0000-00-00 00:00:00
437;3446;FORGING MACHINERY AND HAMMERS;barang;0000-00-00 00:00:00;0000-00-00 00:00:00
438;3447;WIRE AND METAL RIBBON FORMING MACHI;barang;0000-00-00 00:00:00;0000-00-00 00:00:00
439;3448;RIVETING MACHINES;barang;0000-00-00 00:00:00;0000-00-00 00:00:00
440;3449;MISCELLANEOUS SECONDARY METAL FORMI;barang;0000-00-00 00:00:00;0000-00-00 00:00:00
441;3450;MACHINE TOOLS, PORTABLE;barang;0000-00-00 00:00:00;0000-00-00 00:00:00
442;3455;CUTTING TOOLS FOR MACHINE TOOLS;barang;0000-00-00 00:00:00;0000-00-00 00:00:00
443;3456;CUTTING AND FORMING TOOLS FOR SECON;barang;0000-00-00 00:00:00;0000-00-00 00:00:00
444;3460;MACHINE TOOL ACCESSORIES;barang;0000-00-00 00:00:00;0000-00-00 00:00:00
445;3461;ACCESSORIES FOR SECONDARY METALWORK;barang;0000-00-00 00:00:00;0000-00-00 00:00:00
446;3465;PRODUCTION JIGS, FIXTURES, AND TEMP;barang;0000-00-00 00:00:00;0000-00-00 00:00:00
447;3470;MACHINE SHOP SETS, KITS, AND OUTFIT;barang;0000-00-00 00:00:00;0000-00-00 00:00:00
448;3510;LAUNDRY AND DRY CLEANING EQUIPMENT;barang;0000-00-00 00:00:00;0000-00-00 00:00:00
449;3520;SHOE REPAIRING EQUIPMENT;barang;0000-00-00 00:00:00;0000-00-00 00:00:00
450;3530;INDUSTRIAL SEWING MACHINES AND MOBI;barang;0000-00-00 00:00:00;0000-00-00 00:00:00
451;3540;WRAPPING AND PACKAGING MACHINERY;barang;0000-00-00 00:00:00;0000-00-00 00:00:00
452;3550;VENDING AND COIN OPERATED MACHINES;barang;0000-00-00 00:00:00;0000-00-00 00:00:00
453;3590;MISCELLANEOUS SERVICE AND TRADE EQU;barang;0000-00-00 00:00:00;0000-00-00 00:00:00
454;3605;FOOD PRODUCTS MACHINERY AND EQUIPME;barang;0000-00-00 00:00:00;0000-00-00 00:00:00
455;4320;POWER AND HAND PUMPS;barang;0000-00-00 00:00:00;0000-00-00 00:00:00
456;4330;CENTRIFUGALS, SEPARATORS, AND PRESS;barang;0000-00-00 00:00:00;0000-00-00 00:00:00
457;4410;INDUSTRIAL BOILERS;barang;0000-00-00 00:00:00;0000-00-00 00:00:00
458;4420;HEAT EXCHANGERS AND STEAM CONDENSER;barang;0000-00-00 00:00:00;0000-00-00 00:00:00
459;4430;INDUSTRIAL FURNACES, KILNS, LEHRS, ;barang;0000-00-00 00:00:00;0000-00-00 00:00:00
460;4440;DRIERS, DEHYDRATORS, AND ANHYDRATOR;barang;0000-00-00 00:00:00;0000-00-00 00:00:00
461;4460;AIR PURIFICATION EQUIPMENT;barang;0000-00-00 00:00:00;0000-00-00 00:00:00
462;4470;NUCLEAR REACTORS;barang;0000-00-00 00:00:00;0000-00-00 00:00:00
463;4510;PLUMBING FIXTURES AND ACCESSORIES;barang;0000-00-00 00:00:00;0000-00-00 00:00:00
464;4520;SPACE AND WATER HEATING EQUIPMENT;barang;0000-00-00 00:00:00;0000-00-00 00:00:00
465;4530;FUEL BURNING EQUIPMENT UNITS;barang;0000-00-00 00:00:00;0000-00-00 00:00:00
466;4540;MISCELLANEOUS PLUMBING, HEATING, AN;barang;0000-00-00 00:00:00;0000-00-00 00:00:00
467;4610;WATER PURIFICATION EQUIPMENT;barang;0000-00-00 00:00:00;0000-00-00 00:00:00
468;4620;WATER DISTILLATION EQUIPMENT, MARIN;barang;0000-00-00 00:00:00;0000-00-00 00:00:00
469;4630;SEWAGE TREATMENT EQUIPMENT;barang;0000-00-00 00:00:00;0000-00-00 00:00:00
470;4710;PIPE, TUBE AND RIGID TUBING;barang;0000-00-00 00:00:00;0000-00-00 00:00:00
471;4720;HOSE AND FLEXIBLE TUBING;barang;0000-00-00 00:00:00;0000-00-00 00:00:00
472;4730;HOSE, PIPE, TUBE, LUBRICATION, AND ;barang;0000-00-00 00:00:00;0000-00-00 00:00:00
473;4810;VALVES, POWERED;barang;0000-00-00 00:00:00;0000-00-00 00:00:00
474;4820;VALVES, NONPOWERED;barang;0000-00-00 00:00:00;0000-00-00 00:00:00
475;4910;MOTOR VEHICLE MAINTENANCE AND REPAI;barang;0000-00-00 00:00:00;0000-00-00 00:00:00
476;4920;AIRCRAFT MAINTENANCE AND REPAIR SHO;barang;0000-00-00 00:00:00;0000-00-00 00:00:00
477;4921;TORPEDO MAINTENANCE, REPAIR, AND CH;barang;0000-00-00 00:00:00;0000-00-00 00:00:00
478;4923;DEPTH CHARGES AND UNDERWATER MINES ;barang;0000-00-00 00:00:00;0000-00-00 00:00:00
479;4925;AMMUNITION MAINTENANCE, REPAIR, AND;barang;0000-00-00 00:00:00;0000-00-00 00:00:00
480;4927;ROCKET MAINTENANCE, REPAIR AND CHEC;barang;0000-00-00 00:00:00;0000-00-00 00:00:00
481;4930;LUBRICATION AND FUEL DISPENSING EQU;barang;0000-00-00 00:00:00;0000-00-00 00:00:00
482;4931;FIRE CONTROL MAINTENANCE AND REPAIR;barang;0000-00-00 00:00:00;0000-00-00 00:00:00
483;4933;WEAPONS MAINTENANCE AND REPAIR SHOP;barang;0000-00-00 00:00:00;0000-00-00 00:00:00
484;4935;GUIDED MISSILE MAINTENANCE, REPAIR,;barang;0000-00-00 00:00:00;0000-00-00 00:00:00
485;4940;MISCELLANEOUS MAINTENANCE AND REPAI;barang;0000-00-00 00:00:00;0000-00-00 00:00:00
486;4960;SPACE VEHICLE MAINTENANCE, REPAIR, ;barang;0000-00-00 00:00:00;0000-00-00 00:00:00
487;5110;HAND TOOLS, EDGED, NONPOWERED;barang;0000-00-00 00:00:00;0000-00-00 00:00:00
488;5120;HAND TOOLS, NONEDGED, NONPOWERED;barang;0000-00-00 00:00:00;0000-00-00 00:00:00
489;5130;HAND TOOLS, POWER DRIVEN;barang;0000-00-00 00:00:00;0000-00-00 00:00:00
490;5133;DRILL BITS, COUNTERBORES, AND COUNT;barang;0000-00-00 00:00:00;0000-00-00 00:00:00
491;5136;TAPS, DIES, AND COLLETS, HAND AND M;barang;0000-00-00 00:00:00;0000-00-00 00:00:00
492;5140;TOOL AND HARDWARE BOXES;barang;0000-00-00 00:00:00;0000-00-00 00:00:00
493;5180;SETS, KITS AND OUTFITS OF HAND TOOL;barang;0000-00-00 00:00:00;0000-00-00 00:00:00
494;5190;UNDEFINED FROM CATALOGING;barang;0000-00-00 00:00:00;0000-00-00 00:00:00
495;5210;MEASURING TOOLS, CRAFTSMEN'S;barang;0000-00-00 00:00:00;0000-00-00 00:00:00
496;5220;INSPECTION GAUGES AND PRECISION LAY;barang;0000-00-00 00:00:00;0000-00-00 00:00:00
497;5280;SETS, KITS, AND OUTFITS OF MEASURIN;barang;0000-00-00 00:00:00;0000-00-00 00:00:00
498;5303;UNDEFINED FROM CATALOGING;barang;0000-00-00 00:00:00;0000-00-00 00:00:00
499;5305;SCREWS;barang;0000-00-00 00:00:00;0000-00-00 00:00:00
500;5306;BOLTS;barang;0000-00-00 00:00:00;0000-00-00 00:00:00
501;5307;STUDS;barang;0000-00-00 00:00:00;0000-00-00 00:00:00
502;5310;NUTS AND WASHERS;barang;0000-00-00 00:00:00;0000-00-00 00:00:00
503;5315;NAILS, MACHINE KEYS, AND PINS;barang;0000-00-00 00:00:00;0000-00-00 00:00:00
504;5320;RIVETS;barang;0000-00-00 00:00:00;0000-00-00 00:00:00
505;5325;FASTENING DEVICES;barang;0000-00-00 00:00:00;0000-00-00 00:00:00
506;5330;PACKING AND GASKET MATERIALS;barang;0000-00-00 00:00:00;0000-00-00 00:00:00
507;5331;O-RINGS;barang;0000-00-00 00:00:00;0000-00-00 00:00:00
508;5335;METAL SCREENING;barang;0000-00-00 00:00:00;0000-00-00 00:00:00
509;5340;HARDWARE, COMMERCIAL;barang;0000-00-00 00:00:00;0000-00-00 00:00:00
510;5341;BRACKETS;barang;0000-00-00 00:00:00;0000-00-00 00:00:00
511;5944;UNDEFINED FROM CATALOGING;barang;0000-00-00 00:00:00;0000-00-00 00:00:00
512;5945;RELAYS AND SOLENOIDS;barang;0000-00-00 00:00:00;0000-00-00 00:00:00
513;5950;COILS AND TRANSFORMERS;barang;0000-00-00 00:00:00;0000-00-00 00:00:00
514;5955;OSCILLATORS AND PIEZOELECTRIC CRYST;barang;0000-00-00 00:00:00;0000-00-00 00:00:00
515;5960;ELECTRON TUBES AND ASSOCIATED HARDW;barang;0000-00-00 00:00:00;0000-00-00 00:00:00
516;5961;SEMICONDUCTOR DEVICES AND ASSOCIATE;barang;0000-00-00 00:00:00;0000-00-00 00:00:00
517;5962;MICRCIRCUITS, ELECTRONIC;barang;0000-00-00 00:00:00;0000-00-00 00:00:00
518;5963;ELECTRONIC MODULES;barang;0000-00-00 00:00:00;0000-00-00 00:00:00
519;5965;HEADSETS, HANDSETS, MICROPHONES AND;barang;0000-00-00 00:00:00;0000-00-00 00:00:00
520;5970;ELECTRICAL INSULATORS AND INSULATIN;barang;0000-00-00 00:00:00;0000-00-00 00:00:00
521;5975;ELECTRICAL HARDWARE AND SUPPLIES;barang;0000-00-00 00:00:00;0000-00-00 00:00:00
522;5977;ELECTRICAL CONTACT BRUSHES AND ELEC;barang;0000-00-00 00:00:00;0000-00-00 00:00:00
523;5980;OPTOELECTRONIC DEVICES AND ASSOCIAT;barang;0000-00-00 00:00:00;0000-00-00 00:00:00
524;5985;ANTENNAS, WAVEGUIDE, AND RELATED EQ;barang;0000-00-00 00:00:00;0000-00-00 00:00:00
525;5990;SYNCHROS AND RESOLVERS;barang;0000-00-00 00:00:00;0000-00-00 00:00:00
526;5992;UNDEFINED FROM CATALOGING;barang;0000-00-00 00:00:00;0000-00-00 00:00:00
527;5995;CABLE, CORD, AND WIRE ASSEMBLIES: C;barang;0000-00-00 00:00:00;0000-00-00 00:00:00
528;5996;AMPLIFIERS;barang;0000-00-00 00:00:00;0000-00-00 00:00:00
529;5998;ELECTRICAL AND ELECTRONIC ASSEMBLIE;barang;0000-00-00 00:00:00;0000-00-00 00:00:00
530;5999;MISCELLANEOUS ELECTRICAL AND ELECTR;barang;0000-00-00 00:00:00;0000-00-00 00:00:00
531;6010;FIBRE OPTIC CONDUCTORS;barang;0000-00-00 00:00:00;0000-00-00 00:00:00
532;6015;FIBRE OPTIC CABLES;barang;0000-00-00 00:00:00;0000-00-00 00:00:00
533;6020;FIBRE OPTIC CABLE ASSEMBLIES AND HA;barang;0000-00-00 00:00:00;0000-00-00 00:00:00
534;6021;FIBRE OPTIC SWITCHES;barang;0000-00-00 00:00:00;0000-00-00 00:00:00
535;6030;FIBRE OPTIC DEVICES;barang;0000-00-00 00:00:00;0000-00-00 00:00:00
536;6032;FIBRE OPTIC LIGHT SOURCES;barang;0000-00-00 00:00:00;0000-00-00 00:00:00
537;6035;FIBRE OPTIC LIGHT TRANSFER AND IMAG;barang;0000-00-00 00:00:00;0000-00-00 00:00:00
538;6060;FIBRE OPTIC INTERCONNECTORS AND SUP;barang;0000-00-00 00:00:00;0000-00-00 00:00:00
539;6070;FIBRE OPTIC ACCESSORIES AND SUPPLIE;barang;0000-00-00 00:00:00;0000-00-00 00:00:00
540;6080;FIBRE OPTIC KITS AND SETS;barang;0000-00-00 00:00:00;0000-00-00 00:00:00
541;6099;MISCELLANEOUS FIBRE OPTIC COMPONENT;barang;0000-00-00 00:00:00;0000-00-00 00:00:00
542;6105;MOTORS, ELECTRICAL;barang;0000-00-00 00:00:00;0000-00-00 00:00:00
543;6110;ELECTRICAL CONTROL EQUIPMENT;barang;0000-00-00 00:00:00;0000-00-00 00:00:00
544;6115;GENERATORS AND GENERATOR SETS, ELEC;barang;0000-00-00 00:00:00;0000-00-00 00:00:00
545;6116;FUEL CELL POWER UNITS, COMPONENTS, ;barang;0000-00-00 00:00:00;0000-00-00 00:00:00
546;6117;SOLAR ELECTRIC POWER SYSTEMS;barang;0000-00-00 00:00:00;0000-00-00 00:00:00
547;6120;TRANSFORMERS: DISTRIBUTION AND POWE;barang;0000-00-00 00:00:00;0000-00-00 00:00:00
548;6125;CONVERTERS, ELECTRICAL, ROTATING;barang;0000-00-00 00:00:00;0000-00-00 00:00:00
549;6130;CONVERTERS, ELECTRICAL, NONROTATING;barang;0000-00-00 00:00:00;0000-00-00 00:00:00
550;6135;BATTERIES, NONRECHARGEABLE;barang;0000-00-00 00:00:00;0000-00-00 00:00:00
551;6140;BATTERIES, RECHARGEABLE;barang;0000-00-00 00:00:00;0000-00-00 00:00:00
552;6145;WIRE AND CABLE, ELECTRICAL;barang;0000-00-00 00:00:00;0000-00-00 00:00:00
553;6150;MISCELLANEOUS ELECTRIC POWER AND DI;barang;0000-00-00 00:00:00;0000-00-00 00:00:00
554;6160;MISCELLANEOUS BATTERY RETAINING FIX;barang;0000-00-00 00:00:00;0000-00-00 00:00:00
555;6210;INDOOR AND OUTDOOR ELECTRIC LIGHTIN;barang;0000-00-00 00:00:00;0000-00-00 00:00:00
556;6220;ELECTRIC VEHICULAR LIGHTS AND FIXTU;barang;0000-00-00 00:00:00;0000-00-00 00:00:00
557;6230;ELECTRIC PORTABLE AND HAND LIGHTING;barang;0000-00-00 00:00:00;0000-00-00 00:00:00
558;6240;ELECTRIC LAMPS;barang;0000-00-00 00:00:00;0000-00-00 00:00:00
559;6250;BALLASTS, LAMPHOLDERS, AND STARTERS;barang;0000-00-00 00:00:00;0000-00-00 00:00:00
560;6260;NONELECTRICAL LIGHTING FIXTURES;barang;0000-00-00 00:00:00;0000-00-00 00:00:00
561;6310;TRAFFIC AND TRANSIT SIGNAL SYSTEMS;barang;0000-00-00 00:00:00;0000-00-00 00:00:00
562;6320;SHIPBOARD ALARM AND SIGNAL SYSTEMS;barang;0000-00-00 00:00:00;0000-00-00 00:00:00
563;6330;RAILWAY SIGNAL AND WARNING DEVICES;barang;0000-00-00 00:00:00;0000-00-00 00:00:00
564;6340;AIRCRAFT ALARM AND SIGNAL SYSTEMS;barang;0000-00-00 00:00:00;0000-00-00 00:00:00
565;6350;MISCELLANEOUS ALARM, SIGNAL, AND SE;barang;0000-00-00 00:00:00;0000-00-00 00:00:00
566;6505;DRUGS AND BIOLOGICALS;barang;0000-00-00 00:00:00;0000-00-00 00:00:00
567;7050;ADP COMPONENTS;barang;0000-00-00 00:00:00;0000-00-00 00:00:00
568;7105;HOUSEHOLD FURNITURE;barang;0000-00-00 00:00:00;0000-00-00 00:00:00
569;7110;OFFICE FURNITURE;barang;0000-00-00 00:00:00;0000-00-00 00:00:00
570;7125;CABINETS, LOCKERS, BINS, AND SHELVI;barang;0000-00-00 00:00:00;0000-00-00 00:00:00
571;7195;MISCELLANEOUS FURNITURE AND FIXTURE;barang;0000-00-00 00:00:00;0000-00-00 00:00:00
572;7210;HOUSEHOLD FURNISHINGS;barang;0000-00-00 00:00:00;0000-00-00 00:00:00
573;7220;FLOOR COVERINGS;barang;0000-00-00 00:00:00;0000-00-00 00:00:00
574;7230;DRAPERIES, AWNINGS AND SHADES;barang;0000-00-00 00:00:00;0000-00-00 00:00:00
575;7240;HOUSEHOLD AND COMMERCIAL UTILITY CO;barang;0000-00-00 00:00:00;0000-00-00 00:00:00
576;7290;MISCELLANEOUS HOUSEHOLD AND COMMERC;barang;0000-00-00 00:00:00;0000-00-00 00:00:00
577;7310;FOOD COOKING, BAKING, AND SERVING E;barang;0000-00-00 00:00:00;0000-00-00 00:00:00
578;7320;KITCHEN EQUIPMENT AND APPLIANCES;barang;0000-00-00 00:00:00;0000-00-00 00:00:00
579;7330;KITCHEN HAND TOOLS AND UTENSILS;barang;0000-00-00 00:00:00;0000-00-00 00:00:00
580;7340;CUTLERY AND FLATWARE;barang;0000-00-00 00:00:00;0000-00-00 00:00:00
581;7350;TABLEWARE;barang;0000-00-00 00:00:00;0000-00-00 00:00:00
582;7360;SETS, KITS, OUTFITS AND MODULES:  F;barang;0000-00-00 00:00:00;0000-00-00 00:00:00
583;7420;ACCOUNTING AND CALCULATING MACHINES;barang;0000-00-00 00:00:00;0000-00-00 00:00:00
584;7430;TYPEWRITERS AND OFFICE TYPE COMPOSI;barang;0000-00-00 00:00:00;0000-00-00 00:00:00
585;7435;OFFICE INFORMATION SYSTEM EQUIPMENT;barang;0000-00-00 00:00:00;0000-00-00 00:00:00
586;7450;OFFICE TYPE SOUND RECORDING AND REP;barang;0000-00-00 00:00:00;0000-00-00 00:00:00
587;7460;VISIBLE RECORD EQUIPMENT;barang;0000-00-00 00:00:00;0000-00-00 00:00:00
588;7490;MISCELLANEOUS OFFICE MACHINES;barang;0000-00-00 00:00:00;0000-00-00 00:00:00
589;7510;OFFICE SUPPLIES;barang;0000-00-00 00:00:00;0000-00-00 00:00:00
590;7520;OFFICE DEVICES AND ACCESSORIES;barang;0000-00-00 00:00:00;0000-00-00 00:00:00
591;7530;STATIONERY AND RECORD FORMS;barang;0000-00-00 00:00:00;0000-00-00 00:00:00
592;7540;STANDARD FORMS;barang;0000-00-00 00:00:00;0000-00-00 00:00:00
593;7610;BOOKS AND PAMPHLETS;barang;0000-00-00 00:00:00;0000-00-00 00:00:00
594;7630;NEWSPAPERS AND PERIODICALS;barang;0000-00-00 00:00:00;0000-00-00 00:00:00
595;7640;MAPS, ATLASES, CHARTS, AND GLOBES;barang;0000-00-00 00:00:00;0000-00-00 00:00:00
596;7641;AERONAUTICAL MAPS, CHARTS AND GEODE;barang;0000-00-00 00:00:00;0000-00-00 00:00:00
597;7642;HYDROGRAPHIC MAPS, CHARTS AND GEODE;barang;0000-00-00 00:00:00;0000-00-00 00:00:00
598;7643;TOPOGRAPHIC MAPS, CHARTS AND GEODES;barang;0000-00-00 00:00:00;0000-00-00 00:00:00
599;7644;DIGITAL MAPS, CHARTS AND GEODESIC P;barang;0000-00-00 00:00:00;0000-00-00 00:00:00
600;7650;DRAWINGS AND SPECIFICATIONS;barang;0000-00-00 00:00:00;0000-00-00 00:00:00
601;7660;SHEET AND BOOK MUSIC;barang;0000-00-00 00:00:00;0000-00-00 00:00:00
602;7670;MICROFILM, PROCESSED;barang;0000-00-00 00:00:00;0000-00-00 00:00:00
603;7690;MISCELLANEOUS PRINTED MATTER;barang;0000-00-00 00:00:00;0000-00-00 00:00:00
604;7710;MUSICAL INSTRUMENTS;barang;0000-00-00 00:00:00;0000-00-00 00:00:00
605;7720;MUSICAL INSTRUMENT PARTS AND ACCESS;barang;0000-00-00 00:00:00;0000-00-00 00:00:00
606;7730;PHONOGRAPHS, RADIOS, AND TELEVISION;barang;0000-00-00 00:00:00;0000-00-00 00:00:00
607;7740;PHONOGRAPH RECORDS;barang;0000-00-00 00:00:00;0000-00-00 00:00:00
608;7810;ATHLETIC AND SPORTING EQUIPMENT;barang;0000-00-00 00:00:00;0000-00-00 00:00:00
609;7820;GAMES, TOYS, AND WHEELED GOODS;barang;0000-00-00 00:00:00;0000-00-00 00:00:00
610;7830;RECREATIONAL AND GYMNASTIC EQUIPMEN;barang;0000-00-00 00:00:00;0000-00-00 00:00:00
611;7910;FLOOR POLISHERS AND VACUUM CLEANING;barang;0000-00-00 00:00:00;0000-00-00 00:00:00
612;7920;BROOMS, BRUSHES, MOPS, AND SPONGES;barang;0000-00-00 00:00:00;0000-00-00 00:00:00
613;7930;CLEANING AND POLISHING COMPOUNDS AN;barang;0000-00-00 00:00:00;0000-00-00 00:00:00
614;8010;PAINTS, DOPES, VARNISHES, AND RELAT;barang;0000-00-00 00:00:00;0000-00-00 00:00:00
615;8020;PAINT AND ARTISTS' BRUSHES;barang;0000-00-00 00:00:00;0000-00-00 00:00:00
616;8030;PRESERVATIVE AND SEALING COMPOUNDS;barang;0000-00-00 00:00:00;0000-00-00 00:00:00
617;8040;ADHESIVES;barang;0000-00-00 00:00:00;0000-00-00 00:00:00
618;8105;BAGS AND SACKS;barang;0000-00-00 00:00:00;0000-00-00 00:00:00
619;8110;DRUMS AND CANS;barang;0000-00-00 00:00:00;0000-00-00 00:00:00
620;8115;BOXES, CARTONS, AND CRATES;barang;0000-00-00 00:00:00;0000-00-00 00:00:00
621;8120;COMMERCIAL AND INDUSTRIAL GAS CYLIN;barang;0000-00-00 00:00:00;0000-00-00 00:00:00
622;8125;BOTTLES AND JARS;barang;0000-00-00 00:00:00;0000-00-00 00:00:00
623;9150;OILS AND GREASES:  CUTTING, LUBRICA;barang;0000-00-00 00:00:00;0000-00-00 00:00:00
624;9160;MISCELLANEOUS WAXES, OILS, AND FATS;barang;0000-00-00 00:00:00;0000-00-00 00:00:00
625;9310;PAPER AND PAPERBOARD;barang;0000-00-00 00:00:00;0000-00-00 00:00:00
626;9320;RUBBER FABRICATED MATERIALS;barang;0000-00-00 00:00:00;0000-00-00 00:00:00
627;9330;PLASTIC FABRICATED MATERIALS;barang;0000-00-00 00:00:00;0000-00-00 00:00:00
628;9340;GLASS FABRICATED MATERIALS;barang;0000-00-00 00:00:00;0000-00-00 00:00:00
629;9350;REFRACTORIES AND FIRE SURFACING MAT;barang;0000-00-00 00:00:00;0000-00-00 00:00:00
630;9390;MISCELLANEOUS FABRICATED NONMETALLI;barang;0000-00-00 00:00:00;0000-00-00 00:00:00
631;9410;CRUDE GRADES OF PLANT MATERIALS;barang;0000-00-00 00:00:00;0000-00-00 00:00:00
632;9420;FIBRES:  VEGETABLE, ANIMAL, AND SYN;barang;0000-00-00 00:00:00;0000-00-00 00:00:00
633;9430;MISCELLANEOUS CRUDE ANIMAL PRODUCTS;barang;0000-00-00 00:00:00;0000-00-00 00:00:00
634;9440;MISCELLANEOUS CRUDE AGRICULTURAL AN;barang;0000-00-00 00:00:00;0000-00-00 00:00:00
635;9450;NONMETALLIC SCRAP, EXCEPT TEXTILE;barang;0000-00-00 00:00:00;0000-00-00 00:00:00
636;9505;WIRE, NONELECTRICAL, IRON AND STEEL;barang;0000-00-00 00:00:00;0000-00-00 00:00:00
637;9510;BARS AND RODS, IRON AND STEEL;barang;0000-00-00 00:00:00;0000-00-00 00:00:00
638;9515;PLATE, SHEET, STRIP AND FOIL, IRON ;barang;0000-00-00 00:00:00;0000-00-00 00:00:00
639;9520;STRUCTURAL SHAPES, IRON AND STEEL;barang;0000-00-00 00:00:00;0000-00-00 00:00:00
640;9525;WIRE, NONELECTRICAL, NONFERROUS BAS;barang;0000-00-00 00:00:00;0000-00-00 00:00:00
641;9530;BARS AND RODS, NONFERROUS BASE META;barang;0000-00-00 00:00:00;0000-00-00 00:00:00
642;9535;PLATE, SHEET, STRIP, AND FOIL: NONF;barang;0000-00-00 00:00:00;0000-00-00 00:00:00
643;9540;STRUCTURAL SHAPES, NONFERROUS BASE ;barang;0000-00-00 00:00:00;0000-00-00 00:00:00
644;9545;PLATE, SHEET, STRIP, FOIL, AND WIRE;barang;0000-00-00 00:00:00;0000-00-00 00:00:00
645;9610;ORES;barang;0000-00-00 00:00:00;0000-00-00 00:00:00
646;9620;MINERALS, NATURAL AND SYNTHETIC;barang;0000-00-00 00:00:00;0000-00-00 00:00:00
647;9630;ADDITIVE METAL MATERIALS AND MASTER;barang;0000-00-00 00:00:00;0000-00-00 00:00:00
648;9640;IRON AND STEEL PRIMARY AND SEMIFINI;barang;0000-00-00 00:00:00;0000-00-00 00:00:00
649;9650;NONFERROUS BASE METAL REFINERY AND ;barang;0000-00-00 00:00:00;0000-00-00 00:00:00
650;9660;PRECIOUS METALS PRIMARY FORMS;barang;0000-00-00 00:00:00;0000-00-00 00:00:00
651;9670;IRON AND STEEL SCRAP;barang;0000-00-00 00:00:00;0000-00-00 00:00:00
652;9680;NONFERROUS METAL SCRAP;barang;0000-00-00 00:00:00;0000-00-00 00:00:00
653;9701;ADVERTISING AND GRAPHICS;barang;0000-00-00 00:00:00;0000-00-00 00:00:00
654;9702;CATERING;barang;0000-00-00 00:00:00;0000-00-00 00:00:00
655;9703;CLEANING;barang;0000-00-00 00:00:00;0000-00-00 00:00:00
656;9704;WASTE DISPOSAL;barang;0000-00-00 00:00:00;0000-00-00 00:00:00
657;9705;SECURITY;barang;0000-00-00 00:00:00;0000-00-00 00:00:00
658;9706;FIRE PROTECTION;barang;0000-00-00 00:00:00;0000-00-00 00:00:00
659;9707;FREIGHT AND CARTAGE;barang;0000-00-00 00:00:00;0000-00-00 00:00:00
660;9708;SUBSCRIPTIONS AND PERIODICALS;barang;0000-00-00 00:00:00;0000-00-00 00:00:00
661;9710;MAINTAIN-SERVICE-REPAIR : COMPUTER ;barang;0000-00-00 00:00:00;0000-00-00 00:00:00
662;9711;MAINTAIN-SERVICE-REPAIR : MOTOR VEH;barang;0000-00-00 00:00:00;0000-00-00 00:00:00
663;9712;MAINTAIN-SERVICE-REPAIR : OFFICE MA;barang;0000-00-00 00:00:00;0000-00-00 00:00:00
664;9713;MAINTAIN-SERVICE-REPAIR : PLANT AND;barang;0000-00-00 00:00:00;0000-00-00 00:00:00
665;9714;MAINTAIN-SERVICE-REPAIR : PROPERTY;barang;0000-00-00 00:00:00;0000-00-00 00:00:00
666;9720;HIRE-LEASE : COMPUTER HARDWARE AND ;barang;0000-00-00 00:00:00;0000-00-00 00:00:00
667;9721;HIRE-LEASE : OFFICE MACHINES & EQUI;barang;0000-00-00 00:00:00;0000-00-00 00:00:00
668;9722;HIRE-LEASE : PLANT AND INDUSTRIAL E;barang;0000-00-00 00:00:00;0000-00-00 00:00:00
669;9723;HIRE-LEASE : PROPERTY;barang;0000-00-00 00:00:00;0000-00-00 00:00:00
670;9724;HIRE-LEASE : TRANSPORTATION;barang;0000-00-00 00:00:00;0000-00-00 00:00:00
671;9730;CONSULTANCIES;barang;0000-00-00 00:00:00;0000-00-00 00:00:00
672;9731;CONTRACT STAFF;barang;0000-00-00 00:00:00;0000-00-00 00:00:00
673;9740;CONSTRUCTION, EXCAVATION AND ASSOCI;barang;0000-00-00 00:00:00;0000-00-00 00:00:00
674;9741;GARDENING AND LANDSCAPING;barang;0000-00-00 00:00:00;0000-00-00 00:00:00
675;9742;INSPECTION AND TESTING;barang;0000-00-00 00:00:00;0000-00-00 00:00:00
676;9743;INSTALLATION, CONNECTION AND FITTIN;barang;0000-00-00 00:00:00;0000-00-00 00:00:00
677;9750;FINANCE : ADMINISTRATIVE CHARGES;barang;0000-00-00 00:00:00;0000-00-00 00:00:00
678;9751;FINANCE : PUBLIC UTILITY CHARGES;barang;0000-00-00 00:00:00;0000-00-00 00:00:00
679;1370;PYROTECHNICS;barang;0000-00-00 00:00:00;0000-00-00 00:00:00
680;1375;DEMOLITION MATERIALS;barang;0000-00-00 00:00:00;0000-00-00 00:00:00
681;1376;BULK EXPLOSIVES;barang;0000-00-00 00:00:00;0000-00-00 00:00:00
682;1377;CARTRIDGE AND PROPELLANT ACTUATED D;barang;0000-00-00 00:00:00;0000-00-00 00:00:00
683;1385;SURFACE USE EXPLOSIVE ORDNANCE DISP;barang;0000-00-00 00:00:00;0000-00-00 00:00:00
684;1386;UNDERWATER USE EXPLOSIVE ORDNANCE D;barang;0000-00-00 00:00:00;0000-00-00 00:00:00
685;1390;FUZES AND PRIMERS;barang;0000-00-00 00:00:00;0000-00-00 00:00:00
686;1395;MISCELLANEOUS AMMUNITION;barang;0000-00-00 00:00:00;0000-00-00 00:00:00
687;1398;SPECIALIZED AMMUNITION HANDLING AND;barang;0000-00-00 00:00:00;0000-00-00 00:00:00
688;1410;GUIDED MISSILES;barang;0000-00-00 00:00:00;0000-00-00 00:00:00
689;1420;GUIDED MISSILE COMPONENTS;barang;0000-00-00 00:00:00;0000-00-00 00:00:00
690;1425;GUIDED MISSILE SYSTEMS, COMPLETE;barang;0000-00-00 00:00:00;0000-00-00 00:00:00
691;1427;GUIDED MISSILE SUBSYSTEMS;barang;0000-00-00 00:00:00;0000-00-00 00:00:00
692;1430;GUIDED MISSILE REMOTE CONTROL SYSTE;barang;0000-00-00 00:00:00;0000-00-00 00:00:00
693;1440;LAUNCHERS, GUIDED MISSILE;barang;0000-00-00 00:00:00;0000-00-00 00:00:00
694;1450;GUIDED MISSILE HANDLING AND SERVICI;barang;0000-00-00 00:00:00;0000-00-00 00:00:00
695;1510;AIRCRAFT, FIXED WING;barang;0000-00-00 00:00:00;0000-00-00 00:00:00
696;1520;AIRCRAFT, ROTARY WING;barang;0000-00-00 00:00:00;0000-00-00 00:00:00
697;1540;GLIDERS;barang;0000-00-00 00:00:00;0000-00-00 00:00:00
698;1550;DRONES;barang;0000-00-00 00:00:00;0000-00-00 00:00:00
699;1560;AIRFRAME STRUCTURAL COMPONENTS;barang;0000-00-00 00:00:00;0000-00-00 00:00:00
700;1610;AIRCRAFT PROPELLERS;barang;0000-00-00 00:00:00;0000-00-00 00:00:00
701;1615;HELICOPTER ROTOR BLADES, DRIVE MECH;barang;0000-00-00 00:00:00;0000-00-00 00:00:00
702;1620;AIRCRAFT LANDING GEAR COMPONENTS;barang;0000-00-00 00:00:00;0000-00-00 00:00:00
703;1630;AIRCRAFT WHEEL AND BRAKE SYSTEMS;barang;0000-00-00 00:00:00;0000-00-00 00:00:00
704;1650;AIRCRAFT HYDRAULIC, VACUUM, AND DE-;barang;0000-00-00 00:00:00;0000-00-00 00:00:00
705;1660;AIRCRAFT AIR CONDITIONING, HEATING,;barang;0000-00-00 00:00:00;0000-00-00 00:00:00
706;1670;PARACHUTES,  AERIAL PICK UP, DELIVE;barang;0000-00-00 00:00:00;0000-00-00 00:00:00
707;1680;MISCELLANEOUS AIRCRAFT ACCESSORIES ;barang;0000-00-00 00:00:00;0000-00-00 00:00:00
708;1710;AIRCRAFT LANDING EQUIPMENT;barang;0000-00-00 00:00:00;0000-00-00 00:00:00
709;1720;AIRCRAFT LAUNCHING EQUIPMENT;barang;0000-00-00 00:00:00;0000-00-00 00:00:00
710;1730;AIRCRAFT GROUND SERVICING EQUIPMENT;barang;0000-00-00 00:00:00;0000-00-00 00:00:00
711;1740;AIRFIELD SPECIALIZED TRUCKS AND TRA;barang;0000-00-00 00:00:00;0000-00-00 00:00:00
712;1810;SPACE VEHICLES;barang;0000-00-00 00:00:00;0000-00-00 00:00:00
713;1820;SPACE VEHICLE COMPONENTS;barang;0000-00-00 00:00:00;0000-00-00 00:00:00
714;1830;SPACE VEHICLE REMOTE CONTROL SYSTEM;barang;0000-00-00 00:00:00;0000-00-00 00:00:00
715;1840;SPACE VEHICLE LAUNCHERS;barang;0000-00-00 00:00:00;0000-00-00 00:00:00
716;1850;SPACE VEHICLE HANDLING AND SERVICIN;barang;0000-00-00 00:00:00;0000-00-00 00:00:00
717;1860;SPACE SURVIVAL EQUIPMENT;barang;0000-00-00 00:00:00;0000-00-00 00:00:00
718;1905;COMBAT SHIPS AND LANDING VESSELS;barang;0000-00-00 00:00:00;0000-00-00 00:00:00
719;1910;TRANSPORT VESSELS, PASSENGER AND TR;barang;0000-00-00 00:00:00;0000-00-00 00:00:00
720;1915;CARGO AND TANKER VESSELS;barang;0000-00-00 00:00:00;0000-00-00 00:00:00
721;1920;FISHING VESSELS;barang;0000-00-00 00:00:00;0000-00-00 00:00:00
722;1925;SPECIAL SERVICE VESSELS;barang;0000-00-00 00:00:00;0000-00-00 00:00:00
723;1930;BARGES AND LIGHTERS, CARGO;barang;0000-00-00 00:00:00;0000-00-00 00:00:00
724;1935;BARGES AND LIGHTERS, SPECIAL PURPOS;barang;0000-00-00 00:00:00;0000-00-00 00:00:00
725;1940;SMALL CRAFT;barang;0000-00-00 00:00:00;0000-00-00 00:00:00
726;1945;PONTOONS AND FLOATING DOCKS;barang;0000-00-00 00:00:00;0000-00-00 00:00:00
727;1950;FLOATING DRYDOCKS;barang;0000-00-00 00:00:00;0000-00-00 00:00:00
728;1955;DREDGES;barang;0000-00-00 00:00:00;0000-00-00 00:00:00
729;1990;MISCELLANEOUS VESSELS;barang;0000-00-00 00:00:00;0000-00-00 00:00:00
730;2010;SHIP AND BOAT PROPULSION EQUIPMENT;barang;0000-00-00 00:00:00;0000-00-00 00:00:00
731;2020;RIGGING AND RIGGING GEAR;barang;0000-00-00 00:00:00;0000-00-00 00:00:00
732;2030;DECK MACHINERY;barang;0000-00-00 00:00:00;0000-00-00 00:00:00
733;2040;MARINE HARDWARE AND HULL ITEMS;barang;0000-00-00 00:00:00;0000-00-00 00:00:00
734;3210;SAWMILL AND PLANING MILL MACHINERY;barang;0000-00-00 00:00:00;0000-00-00 00:00:00
735;3220;WOODWORKING MACHINES;barang;0000-00-00 00:00:00;0000-00-00 00:00:00
736;3230;TOOLS AND ATTACHMENTS FOR WOODWORKI;barang;0000-00-00 00:00:00;0000-00-00 00:00:00
737;3310;TUBULARS AND RELATED EQUIPMENT, SPE;barang;0000-00-00 00:00:00;0000-00-00 00:00:00
738;3320;WELLHEAD EQUIPMENT, COMPONENTS AND ;barang;0000-00-00 00:00:00;0000-00-00 00:00:00
739;3330;DOWNHOLE COMPLETION EQUIPMENT (BELO;barang;0000-00-00 00:00:00;0000-00-00 00:00:00
740;3340;DRILLING TOOLS AND EQUIPMENT;barang;0000-00-00 00:00:00;0000-00-00 00:00:00
741;3350;DRILLING CEMENT AND ASSOCIATED MATE;barang;0000-00-00 00:00:00;0000-00-00 00:00:00
742;3360;WELL BORE FLUIDS AND ASSOCIATED MAT;barang;0000-00-00 00:00:00;0000-00-00 00:00:00
743;3370;MISCELLANEOUS COMPLETION, WELL TEST;barang;0000-00-00 00:00:00;0000-00-00 00:00:00
744;3380;OIL SPILL EQUIPMENT;barang;0000-00-00 00:00:00;0000-00-00 00:00:00
745;3390;OIL AND GAS PRODUCTION EQUIPMENT AN;barang;0000-00-00 00:00:00;0000-00-00 00:00:00
746;3405;SAWS AND FILING MACHINES;barang;0000-00-00 00:00:00;0000-00-00 00:00:00
747;3408;MACHINING CENTRES AND WAY-TYPE MACH;barang;0000-00-00 00:00:00;0000-00-00 00:00:00
748;3410;ELECTRICAL AND ULTRASONIC EROSION M;barang;0000-00-00 00:00:00;0000-00-00 00:00:00
749;3411;BORING MACHINES;barang;0000-00-00 00:00:00;0000-00-00 00:00:00
750;3412;BROACHING MACHINES;barang;0000-00-00 00:00:00;0000-00-00 00:00:00
751;3413;DRILLING AND TAPPING MACHINES;barang;0000-00-00 00:00:00;0000-00-00 00:00:00
752;3414;GEAR CUTTING AND FINISHING MACHINES;barang;0000-00-00 00:00:00;0000-00-00 00:00:00
753;3415;GRINDING MACHINES;barang;0000-00-00 00:00:00;0000-00-00 00:00:00
754;3416;LATHES;barang;0000-00-00 00:00:00;0000-00-00 00:00:00
755;3417;MILLING MACHINES;barang;0000-00-00 00:00:00;0000-00-00 00:00:00
756;3418;PLANERS AND SHAPERS;barang;0000-00-00 00:00:00;0000-00-00 00:00:00
757;3419;MISCELLANEOUS MACHINE TOOLS;barang;0000-00-00 00:00:00;0000-00-00 00:00:00
758;3422;ROLLING MILLS AND DRAWING MACHINES;barang;0000-00-00 00:00:00;0000-00-00 00:00:00
759;3424;METAL HEAT TREATING AND NON-THERMAL;barang;0000-00-00 00:00:00;0000-00-00 00:00:00
760;3426;METAL FINISHING EQUIPMENT;barang;0000-00-00 00:00:00;0000-00-00 00:00:00
761;3431;ELECTRIC ARC WELDING EQUIPMENT;barang;0000-00-00 00:00:00;0000-00-00 00:00:00
762;3432;ELECTRIC RESISTANCE WELDING EQUIPME;barang;0000-00-00 00:00:00;0000-00-00 00:00:00
763;3433;GAS WELDING, HEAT CUTTING, AND META;barang;0000-00-00 00:00:00;0000-00-00 00:00:00
764;3436;WELDING POSITIONERS AND MANIPULATOR;barang;0000-00-00 00:00:00;0000-00-00 00:00:00
765;3438;MISCELLANEOUS WELDING EQUIPMENT;barang;0000-00-00 00:00:00;0000-00-00 00:00:00
766;3439;MISCELLANEOUS WELDING, SOLDERING, A;barang;0000-00-00 00:00:00;0000-00-00 00:00:00
767;3441;BENDING AND FORMING MACHINES;barang;0000-00-00 00:00:00;0000-00-00 00:00:00
768;3442;HYDRAULIC AND PNEUMATIC PRESSES, PO;barang;0000-00-00 00:00:00;0000-00-00 00:00:00
769;3443;MECHANICAL PRESSES, POWER DRIVEN;barang;0000-00-00 00:00:00;0000-00-00 00:00:00
770;3444;MANUAL PRESSES;barang;0000-00-00 00:00:00;0000-00-00 00:00:00
771;3445;PUNCHING AND SHEARING MACHINES;barang;0000-00-00 00:00:00;0000-00-00 00:00:00
772;3446;FORGING MACHINERY AND HAMMERS;barang;0000-00-00 00:00:00;0000-00-00 00:00:00
773;3447;WIRE AND METAL RIBBON FORMING MACHI;barang;0000-00-00 00:00:00;0000-00-00 00:00:00
774;3448;RIVETING MACHINES;barang;0000-00-00 00:00:00;0000-00-00 00:00:00
775;3449;MISCELLANEOUS SECONDARY METAL FORMI;barang;0000-00-00 00:00:00;0000-00-00 00:00:00
776;3450;MACHINE TOOLS, PORTABLE;barang;0000-00-00 00:00:00;0000-00-00 00:00:00
777;3455;CUTTING TOOLS FOR MACHINE TOOLS;barang;0000-00-00 00:00:00;0000-00-00 00:00:00
778;3456;CUTTING AND FORMING TOOLS FOR SECON;barang;0000-00-00 00:00:00;0000-00-00 00:00:00
779;3460;MACHINE TOOL ACCESSORIES;barang;0000-00-00 00:00:00;0000-00-00 00:00:00
780;3461;ACCESSORIES FOR SECONDARY METALWORK;barang;0000-00-00 00:00:00;0000-00-00 00:00:00
781;3465;PRODUCTION JIGS, FIXTURES, AND TEMP;barang;0000-00-00 00:00:00;0000-00-00 00:00:00
782;3470;MACHINE SHOP SETS, KITS, AND OUTFIT;barang;0000-00-00 00:00:00;0000-00-00 00:00:00
783;3510;LAUNDRY AND DRY CLEANING EQUIPMENT;barang;0000-00-00 00:00:00;0000-00-00 00:00:00
784;3520;SHOE REPAIRING EQUIPMENT;barang;0000-00-00 00:00:00;0000-00-00 00:00:00
785;3530;INDUSTRIAL SEWING MACHINES AND MOBI;barang;0000-00-00 00:00:00;0000-00-00 00:00:00
786;3540;WRAPPING AND PACKAGING MACHINERY;barang;0000-00-00 00:00:00;0000-00-00 00:00:00
787;3550;VENDING AND COIN OPERATED MACHINES;barang;0000-00-00 00:00:00;0000-00-00 00:00:00
788;3590;MISCELLANEOUS SERVICE AND TRADE EQU;barang;0000-00-00 00:00:00;0000-00-00 00:00:00
789;3605;FOOD PRODUCTS MACHINERY AND EQUIPME;barang;0000-00-00 00:00:00;0000-00-00 00:00:00
790;4320;POWER AND HAND PUMPS;barang;0000-00-00 00:00:00;0000-00-00 00:00:00
791;4330;CENTRIFUGALS, SEPARATORS, AND PRESS;barang;0000-00-00 00:00:00;0000-00-00 00:00:00
792;4410;INDUSTRIAL BOILERS;barang;0000-00-00 00:00:00;0000-00-00 00:00:00
793;4420;HEAT EXCHANGERS AND STEAM CONDENSER;barang;0000-00-00 00:00:00;0000-00-00 00:00:00
794;4430;INDUSTRIAL FURNACES, KILNS, LEHRS, ;barang;0000-00-00 00:00:00;0000-00-00 00:00:00
795;4440;DRIERS, DEHYDRATORS, AND ANHYDRATOR;barang;0000-00-00 00:00:00;0000-00-00 00:00:00
796;4460;AIR PURIFICATION EQUIPMENT;barang;0000-00-00 00:00:00;0000-00-00 00:00:00
797;4470;NUCLEAR REACTORS;barang;0000-00-00 00:00:00;0000-00-00 00:00:00
798;4510;PLUMBING FIXTURES AND ACCESSORIES;barang;0000-00-00 00:00:00;0000-00-00 00:00:00
799;4520;SPACE AND WATER HEATING EQUIPMENT;barang;0000-00-00 00:00:00;0000-00-00 00:00:00
800;4530;FUEL BURNING EQUIPMENT UNITS;barang;0000-00-00 00:00:00;0000-00-00 00:00:00
801;4540;MISCELLANEOUS PLUMBING, HEATING, AN;barang;0000-00-00 00:00:00;0000-00-00 00:00:00
802;4610;WATER PURIFICATION EQUIPMENT;barang;0000-00-00 00:00:00;0000-00-00 00:00:00
803;4620;WATER DISTILLATION EQUIPMENT, MARIN;barang;0000-00-00 00:00:00;0000-00-00 00:00:00
804;4630;SEWAGE TREATMENT EQUIPMENT;barang;0000-00-00 00:00:00;0000-00-00 00:00:00
805;4710;PIPE, TUBE AND RIGID TUBING;barang;0000-00-00 00:00:00;0000-00-00 00:00:00
806;4720;HOSE AND FLEXIBLE TUBING;barang;0000-00-00 00:00:00;0000-00-00 00:00:00
807;4730;HOSE, PIPE, TUBE, LUBRICATION, AND ;barang;0000-00-00 00:00:00;0000-00-00 00:00:00
808;4810;VALVES, POWERED;barang;0000-00-00 00:00:00;0000-00-00 00:00:00
809;4820;VALVES, NONPOWERED;barang;0000-00-00 00:00:00;0000-00-00 00:00:00
810;4910;MOTOR VEHICLE MAINTENANCE AND REPAI;barang;0000-00-00 00:00:00;0000-00-00 00:00:00
811;4920;AIRCRAFT MAINTENANCE AND REPAIR SHO;barang;0000-00-00 00:00:00;0000-00-00 00:00:00
812;4921;TORPEDO MAINTENANCE, REPAIR, AND CH;barang;0000-00-00 00:00:00;0000-00-00 00:00:00
813;4923;DEPTH CHARGES AND UNDERWATER MINES ;barang;0000-00-00 00:00:00;0000-00-00 00:00:00
814;4925;AMMUNITION MAINTENANCE, REPAIR, AND;barang;0000-00-00 00:00:00;0000-00-00 00:00:00
815;4927;ROCKET MAINTENANCE, REPAIR AND CHEC;barang;0000-00-00 00:00:00;0000-00-00 00:00:00
816;4930;LUBRICATION AND FUEL DISPENSING EQU;barang;0000-00-00 00:00:00;0000-00-00 00:00:00
817;4931;FIRE CONTROL MAINTENANCE AND REPAIR;barang;0000-00-00 00:00:00;0000-00-00 00:00:00
818;4933;WEAPONS MAINTENANCE AND REPAIR SHOP;barang;0000-00-00 00:00:00;0000-00-00 00:00:00
819;4935;GUIDED MISSILE MAINTENANCE, REPAIR,;barang;0000-00-00 00:00:00;0000-00-00 00:00:00
820;4940;MISCELLANEOUS MAINTENANCE AND REPAI;barang;0000-00-00 00:00:00;0000-00-00 00:00:00
821;4960;SPACE VEHICLE MAINTENANCE, REPAIR, ;barang;0000-00-00 00:00:00;0000-00-00 00:00:00
822;5110;HAND TOOLS, EDGED, NONPOWERED;barang;0000-00-00 00:00:00;0000-00-00 00:00:00
823;5120;HAND TOOLS, NONEDGED, NONPOWERED;barang;0000-00-00 00:00:00;0000-00-00 00:00:00
824;5130;HAND TOOLS, POWER DRIVEN;barang;0000-00-00 00:00:00;0000-00-00 00:00:00
825;5133;DRILL BITS, COUNTERBORES, AND COUNT;barang;0000-00-00 00:00:00;0000-00-00 00:00:00
826;5136;TAPS, DIES, AND COLLETS, HAND AND M;barang;0000-00-00 00:00:00;0000-00-00 00:00:00
827;5140;TOOL AND HARDWARE BOXES;barang;0000-00-00 00:00:00;0000-00-00 00:00:00
828;5180;SETS, KITS AND OUTFITS OF HAND TOOL;barang;0000-00-00 00:00:00;0000-00-00 00:00:00
829;5190;UNDEFINED FROM CATALOGING;barang;0000-00-00 00:00:00;0000-00-00 00:00:00
830;5210;MEASURING TOOLS, CRAFTSMEN'S;barang;0000-00-00 00:00:00;0000-00-00 00:00:00
831;5220;INSPECTION GAUGES AND PRECISION LAY;barang;0000-00-00 00:00:00;0000-00-00 00:00:00
832;5280;SETS, KITS, AND OUTFITS OF MEASURIN;barang;0000-00-00 00:00:00;0000-00-00 00:00:00
833;5303;UNDEFINED FROM CATALOGING;barang;0000-00-00 00:00:00;0000-00-00 00:00:00
834;5305;SCREWS;barang;0000-00-00 00:00:00;0000-00-00 00:00:00
835;5306;BOLTS;barang;0000-00-00 00:00:00;0000-00-00 00:00:00
836;5307;STUDS;barang;0000-00-00 00:00:00;0000-00-00 00:00:00
837;5310;NUTS AND WASHERS;barang;0000-00-00 00:00:00;0000-00-00 00:00:00
838;5315;NAILS, MACHINE KEYS, AND PINS;barang;0000-00-00 00:00:00;0000-00-00 00:00:00
839;5320;RIVETS;barang;0000-00-00 00:00:00;0000-00-00 00:00:00
840;5325;FASTENING DEVICES;barang;0000-00-00 00:00:00;0000-00-00 00:00:00
841;5330;PACKING AND GASKET MATERIALS;barang;0000-00-00 00:00:00;0000-00-00 00:00:00
842;5331;O-RINGS;barang;0000-00-00 00:00:00;0000-00-00 00:00:00
843;5335;METAL SCREENING;barang;0000-00-00 00:00:00;0000-00-00 00:00:00
844;5340;HARDWARE, COMMERCIAL;barang;0000-00-00 00:00:00;0000-00-00 00:00:00
845;5341;BRACKETS;barang;0000-00-00 00:00:00;0000-00-00 00:00:00
846;5944;UNDEFINED FROM CATALOGING;barang;0000-00-00 00:00:00;0000-00-00 00:00:00
847;5945;RELAYS AND SOLENOIDS;barang;0000-00-00 00:00:00;0000-00-00 00:00:00
848;5950;COILS AND TRANSFORMERS;barang;0000-00-00 00:00:00;0000-00-00 00:00:00
849;5955;OSCILLATORS AND PIEZOELECTRIC CRYST;barang;0000-00-00 00:00:00;0000-00-00 00:00:00
850;5960;ELECTRON TUBES AND ASSOCIATED HARDW;barang;0000-00-00 00:00:00;0000-00-00 00:00:00
851;5961;SEMICONDUCTOR DEVICES AND ASSOCIATE;barang;0000-00-00 00:00:00;0000-00-00 00:00:00
852;5962;MICRCIRCUITS, ELECTRONIC;barang;0000-00-00 00:00:00;0000-00-00 00:00:00
853;5963;ELECTRONIC MODULES;barang;0000-00-00 00:00:00;0000-00-00 00:00:00
854;5965;HEADSETS, HANDSETS, MICROPHONES AND;barang;0000-00-00 00:00:00;0000-00-00 00:00:00
855;5970;ELECTRICAL INSULATORS AND INSULATIN;barang;0000-00-00 00:00:00;0000-00-00 00:00:00
856;5975;ELECTRICAL HARDWARE AND SUPPLIES;barang;0000-00-00 00:00:00;0000-00-00 00:00:00
857;5977;ELECTRICAL CONTACT BRUSHES AND ELEC;barang;0000-00-00 00:00:00;0000-00-00 00:00:00
858;5980;OPTOELECTRONIC DEVICES AND ASSOCIAT;barang;0000-00-00 00:00:00;0000-00-00 00:00:00
859;5985;ANTENNAS, WAVEGUIDE, AND RELATED EQ;barang;0000-00-00 00:00:00;0000-00-00 00:00:00
860;5990;SYNCHROS AND RESOLVERS;barang;0000-00-00 00:00:00;0000-00-00 00:00:00
861;5992;UNDEFINED FROM CATALOGING;barang;0000-00-00 00:00:00;0000-00-00 00:00:00
862;5995;CABLE, CORD, AND WIRE ASSEMBLIES: C;barang;0000-00-00 00:00:00;0000-00-00 00:00:00
863;5996;AMPLIFIERS;barang;0000-00-00 00:00:00;0000-00-00 00:00:00
864;5998;ELECTRICAL AND ELECTRONIC ASSEMBLIE;barang;0000-00-00 00:00:00;0000-00-00 00:00:00
865;5999;MISCELLANEOUS ELECTRICAL AND ELECTR;barang;0000-00-00 00:00:00;0000-00-00 00:00:00
866;6010;FIBRE OPTIC CONDUCTORS;barang;0000-00-00 00:00:00;0000-00-00 00:00:00
867;6015;FIBRE OPTIC CABLES;barang;0000-00-00 00:00:00;0000-00-00 00:00:00
868;6020;FIBRE OPTIC CABLE ASSEMBLIES AND HA;barang;0000-00-00 00:00:00;0000-00-00 00:00:00
869;6021;FIBRE OPTIC SWITCHES;barang;0000-00-00 00:00:00;0000-00-00 00:00:00
870;6030;FIBRE OPTIC DEVICES;barang;0000-00-00 00:00:00;0000-00-00 00:00:00
871;6032;FIBRE OPTIC LIGHT SOURCES;barang;0000-00-00 00:00:00;0000-00-00 00:00:00
872;6035;FIBRE OPTIC LIGHT TRANSFER AND IMAG;barang;0000-00-00 00:00:00;0000-00-00 00:00:00
873;6060;FIBRE OPTIC INTERCONNECTORS AND SUP;barang;0000-00-00 00:00:00;0000-00-00 00:00:00
874;6070;FIBRE OPTIC ACCESSORIES AND SUPPLIE;barang;0000-00-00 00:00:00;0000-00-00 00:00:00
875;6080;FIBRE OPTIC KITS AND SETS;barang;0000-00-00 00:00:00;0000-00-00 00:00:00
876;6099;MISCELLANEOUS FIBRE OPTIC COMPONENT;barang;0000-00-00 00:00:00;0000-00-00 00:00:00
877;6105;MOTORS, ELECTRICAL;barang;0000-00-00 00:00:00;0000-00-00 00:00:00
878;6110;ELECTRICAL CONTROL EQUIPMENT;barang;0000-00-00 00:00:00;0000-00-00 00:00:00
879;6115;GENERATORS AND GENERATOR SETS, ELEC;barang;0000-00-00 00:00:00;0000-00-00 00:00:00
880;6116;FUEL CELL POWER UNITS, COMPONENTS, ;barang;0000-00-00 00:00:00;0000-00-00 00:00:00
881;6117;SOLAR ELECTRIC POWER SYSTEMS;barang;0000-00-00 00:00:00;0000-00-00 00:00:00
882;6120;TRANSFORMERS: DISTRIBUTION AND POWE;barang;0000-00-00 00:00:00;0000-00-00 00:00:00
883;6125;CONVERTERS, ELECTRICAL, ROTATING;barang;0000-00-00 00:00:00;0000-00-00 00:00:00
884;6130;CONVERTERS, ELECTRICAL, NONROTATING;barang;0000-00-00 00:00:00;0000-00-00 00:00:00
885;6135;BATTERIES, NONRECHARGEABLE;barang;0000-00-00 00:00:00;0000-00-00 00:00:00
886;6140;BATTERIES, RECHARGEABLE;barang;0000-00-00 00:00:00;0000-00-00 00:00:00
887;6145;WIRE AND CABLE, ELECTRICAL;barang;0000-00-00 00:00:00;0000-00-00 00:00:00
888;6150;MISCELLANEOUS ELECTRIC POWER AND DI;barang;0000-00-00 00:00:00;0000-00-00 00:00:00
889;6160;MISCELLANEOUS BATTERY RETAINING FIX;barang;0000-00-00 00:00:00;0000-00-00 00:00:00
890;6210;INDOOR AND OUTDOOR ELECTRIC LIGHTIN;barang;0000-00-00 00:00:00;0000-00-00 00:00:00
891;6220;ELECTRIC VEHICULAR LIGHTS AND FIXTU;barang;0000-00-00 00:00:00;0000-00-00 00:00:00
892;6230;ELECTRIC PORTABLE AND HAND LIGHTING;barang;0000-00-00 00:00:00;0000-00-00 00:00:00
893;6240;ELECTRIC LAMPS;barang;0000-00-00 00:00:00;0000-00-00 00:00:00
894;6250;BALLASTS, LAMPHOLDERS, AND STARTERS;barang;0000-00-00 00:00:00;0000-00-00 00:00:00
895;6260;NONELECTRICAL LIGHTING FIXTURES;barang;0000-00-00 00:00:00;0000-00-00 00:00:00
896;6310;TRAFFIC AND TRANSIT SIGNAL SYSTEMS;barang;0000-00-00 00:00:00;0000-00-00 00:00:00
897;6320;SHIPBOARD ALARM AND SIGNAL SYSTEMS;barang;0000-00-00 00:00:00;0000-00-00 00:00:00
898;6330;RAILWAY SIGNAL AND WARNING DEVICES;barang;0000-00-00 00:00:00;0000-00-00 00:00:00
899;6340;AIRCRAFT ALARM AND SIGNAL SYSTEMS;barang;0000-00-00 00:00:00;0000-00-00 00:00:00
900;6350;MISCELLANEOUS ALARM, SIGNAL, AND SE;barang;0000-00-00 00:00:00;0000-00-00 00:00:00
901;6505;DRUGS AND BIOLOGICALS;barang;0000-00-00 00:00:00;0000-00-00 00:00:00
902;7050;ADP COMPONENTS;barang;0000-00-00 00:00:00;0000-00-00 00:00:00
903;7105;HOUSEHOLD FURNITURE;barang;0000-00-00 00:00:00;0000-00-00 00:00:00
904;7110;OFFICE FURNITURE;barang;0000-00-00 00:00:00;0000-00-00 00:00:00
905;7125;CABINETS, LOCKERS, BINS, AND SHELVI;barang;0000-00-00 00:00:00;0000-00-00 00:00:00
906;7195;MISCELLANEOUS FURNITURE AND FIXTURE;barang;0000-00-00 00:00:00;0000-00-00 00:00:00
907;7210;HOUSEHOLD FURNISHINGS;barang;0000-00-00 00:00:00;0000-00-00 00:00:00
908;7220;FLOOR COVERINGS;barang;0000-00-00 00:00:00;0000-00-00 00:00:00
909;7230;DRAPERIES, AWNINGS AND SHADES;barang;0000-00-00 00:00:00;0000-00-00 00:00:00
910;7240;HOUSEHOLD AND COMMERCIAL UTILITY CO;barang;0000-00-00 00:00:00;0000-00-00 00:00:00
911;7290;MISCELLANEOUS HOUSEHOLD AND COMMERC;barang;0000-00-00 00:00:00;0000-00-00 00:00:00
912;7310;FOOD COOKING, BAKING, AND SERVING E;barang;0000-00-00 00:00:00;0000-00-00 00:00:00
913;7320;KITCHEN EQUIPMENT AND APPLIANCES;barang;0000-00-00 00:00:00;0000-00-00 00:00:00
914;7330;KITCHEN HAND TOOLS AND UTENSILS;barang;0000-00-00 00:00:00;0000-00-00 00:00:00
915;7340;CUTLERY AND FLATWARE;barang;0000-00-00 00:00:00;0000-00-00 00:00:00
916;7350;TABLEWARE;barang;0000-00-00 00:00:00;0000-00-00 00:00:00
917;7360;SETS, KITS, OUTFITS AND MODULES:  F;barang;0000-00-00 00:00:00;0000-00-00 00:00:00
918;7420;ACCOUNTING AND CALCULATING MACHINES;barang;0000-00-00 00:00:00;0000-00-00 00:00:00
919;7430;TYPEWRITERS AND OFFICE TYPE COMPOSI;barang;0000-00-00 00:00:00;0000-00-00 00:00:00
920;7435;OFFICE INFORMATION SYSTEM EQUIPMENT;barang;0000-00-00 00:00:00;0000-00-00 00:00:00
921;7450;OFFICE TYPE SOUND RECORDING AND REP;barang;0000-00-00 00:00:00;0000-00-00 00:00:00
922;7460;VISIBLE RECORD EQUIPMENT;barang;0000-00-00 00:00:00;0000-00-00 00:00:00
923;7490;MISCELLANEOUS OFFICE MACHINES;barang;0000-00-00 00:00:00;0000-00-00 00:00:00
924;7510;OFFICE SUPPLIES;barang;0000-00-00 00:00:00;0000-00-00 00:00:00
925;7520;OFFICE DEVICES AND ACCESSORIES;barang;0000-00-00 00:00:00;0000-00-00 00:00:00
926;7530;STATIONERY AND RECORD FORMS;barang;0000-00-00 00:00:00;0000-00-00 00:00:00
927;7540;STANDARD FORMS;barang;0000-00-00 00:00:00;0000-00-00 00:00:00
928;7610;BOOKS AND PAMPHLETS;barang;0000-00-00 00:00:00;0000-00-00 00:00:00
929;7630;NEWSPAPERS AND PERIODICALS;barang;0000-00-00 00:00:00;0000-00-00 00:00:00
930;7640;MAPS, ATLASES, CHARTS, AND GLOBES;barang;0000-00-00 00:00:00;0000-00-00 00:00:00
931;7641;AERONAUTICAL MAPS, CHARTS AND GEODE;barang;0000-00-00 00:00:00;0000-00-00 00:00:00
932;7642;HYDROGRAPHIC MAPS, CHARTS AND GEODE;barang;0000-00-00 00:00:00;0000-00-00 00:00:00
933;7643;TOPOGRAPHIC MAPS, CHARTS AND GEODES;barang;0000-00-00 00:00:00;0000-00-00 00:00:00
934;7644;DIGITAL MAPS, CHARTS AND GEODESIC P;barang;0000-00-00 00:00:00;0000-00-00 00:00:00
935;7650;DRAWINGS AND SPECIFICATIONS;barang;0000-00-00 00:00:00;0000-00-00 00:00:00
936;7660;SHEET AND BOOK MUSIC;barang;0000-00-00 00:00:00;0000-00-00 00:00:00
937;7670;MICROFILM, PROCESSED;barang;0000-00-00 00:00:00;0000-00-00 00:00:00
938;7690;MISCELLANEOUS PRINTED MATTER;barang;0000-00-00 00:00:00;0000-00-00 00:00:00
939;7710;MUSICAL INSTRUMENTS;barang;0000-00-00 00:00:00;0000-00-00 00:00:00
940;7720;MUSICAL INSTRUMENT PARTS AND ACCESS;barang;0000-00-00 00:00:00;0000-00-00 00:00:00
941;7730;PHONOGRAPHS, RADIOS, AND TELEVISION;barang;0000-00-00 00:00:00;0000-00-00 00:00:00
942;7740;PHONOGRAPH RECORDS;barang;0000-00-00 00:00:00;0000-00-00 00:00:00
943;7810;ATHLETIC AND SPORTING EQUIPMENT;barang;0000-00-00 00:00:00;0000-00-00 00:00:00
944;7820;GAMES, TOYS, AND WHEELED GOODS;barang;0000-00-00 00:00:00;0000-00-00 00:00:00
945;7830;RECREATIONAL AND GYMNASTIC EQUIPMEN;barang;0000-00-00 00:00:00;0000-00-00 00:00:00
946;7910;FLOOR POLISHERS AND VACUUM CLEANING;barang;0000-00-00 00:00:00;0000-00-00 00:00:00
947;7920;BROOMS, BRUSHES, MOPS, AND SPONGES;barang;0000-00-00 00:00:00;0000-00-00 00:00:00
948;7930;CLEANING AND POLISHING COMPOUNDS AN;barang;0000-00-00 00:00:00;0000-00-00 00:00:00
949;8010;PAINTS, DOPES, VARNISHES, AND RELAT;barang;0000-00-00 00:00:00;0000-00-00 00:00:00
950;8020;PAINT AND ARTISTS' BRUSHES;barang;0000-00-00 00:00:00;0000-00-00 00:00:00
951;8030;PRESERVATIVE AND SEALING COMPOUNDS;barang;0000-00-00 00:00:00;0000-00-00 00:00:00
952;8040;ADHESIVES;barang;0000-00-00 00:00:00;0000-00-00 00:00:00
953;8105;BAGS AND SACKS;barang;0000-00-00 00:00:00;0000-00-00 00:00:00
954;8110;DRUMS AND CANS;barang;0000-00-00 00:00:00;0000-00-00 00:00:00
955;8115;BOXES, CARTONS, AND CRATES;barang;0000-00-00 00:00:00;0000-00-00 00:00:00
956;8120;COMMERCIAL AND INDUSTRIAL GAS CYLIN;barang;0000-00-00 00:00:00;0000-00-00 00:00:00
957;8125;BOTTLES AND JARS;barang;0000-00-00 00:00:00;0000-00-00 00:00:00
958;9150;OILS AND GREASES:  CUTTING, LUBRICA;barang;0000-00-00 00:00:00;0000-00-00 00:00:00
959;9160;MISCELLANEOUS WAXES, OILS, AND FATS;barang;0000-00-00 00:00:00;0000-00-00 00:00:00
960;9310;PAPER AND PAPERBOARD;barang;0000-00-00 00:00:00;0000-00-00 00:00:00
961;9320;RUBBER FABRICATED MATERIALS;barang;0000-00-00 00:00:00;0000-00-00 00:00:00
962;9330;PLASTIC FABRICATED MATERIALS;barang;0000-00-00 00:00:00;0000-00-00 00:00:00
963;9340;GLASS FABRICATED MATERIALS;barang;0000-00-00 00:00:00;0000-00-00 00:00:00
964;9350;REFRACTORIES AND FIRE SURFACING MAT;barang;0000-00-00 00:00:00;0000-00-00 00:00:00
965;9390;MISCELLANEOUS FABRICATED NONMETALLI;barang;0000-00-00 00:00:00;0000-00-00 00:00:00
966;9410;CRUDE GRADES OF PLANT MATERIALS;barang;0000-00-00 00:00:00;0000-00-00 00:00:00
967;9420;FIBRES:  VEGETABLE, ANIMAL, AND SYN;barang;0000-00-00 00:00:00;0000-00-00 00:00:00
968;9430;MISCELLANEOUS CRUDE ANIMAL PRODUCTS;barang;0000-00-00 00:00:00;0000-00-00 00:00:00
969;9440;MISCELLANEOUS CRUDE AGRICULTURAL AN;barang;0000-00-00 00:00:00;0000-00-00 00:00:00
970;9450;NONMETALLIC SCRAP, EXCEPT TEXTILE;barang;0000-00-00 00:00:00;0000-00-00 00:00:00
971;9505;WIRE, NONELECTRICAL, IRON AND STEEL;barang;0000-00-00 00:00:00;0000-00-00 00:00:00
972;9510;BARS AND RODS, IRON AND STEEL;barang;0000-00-00 00:00:00;0000-00-00 00:00:00
973;9515;PLATE, SHEET, STRIP AND FOIL, IRON ;barang;0000-00-00 00:00:00;0000-00-00 00:00:00
974;9520;STRUCTURAL SHAPES, IRON AND STEEL;barang;0000-00-00 00:00:00;0000-00-00 00:00:00
975;9525;WIRE, NONELECTRICAL, NONFERROUS BAS;barang;0000-00-00 00:00:00;0000-00-00 00:00:00
976;9530;BARS AND RODS, NONFERROUS BASE META;barang;0000-00-00 00:00:00;0000-00-00 00:00:00
977;9535;PLATE, SHEET, STRIP, AND FOIL: NONF;barang;0000-00-00 00:00:00;0000-00-00 00:00:00
978;9540;STRUCTURAL SHAPES, NONFERROUS BASE ;barang;0000-00-00 00:00:00;0000-00-00 00:00:00
979;9545;PLATE, SHEET, STRIP, FOIL, AND WIRE;barang;0000-00-00 00:00:00;0000-00-00 00:00:00
980;9610;ORES;barang;0000-00-00 00:00:00;0000-00-00 00:00:00
981;9620;MINERALS, NATURAL AND SYNTHETIC;barang;0000-00-00 00:00:00;0000-00-00 00:00:00
982;9630;ADDITIVE METAL MATERIALS AND MASTER;barang;0000-00-00 00:00:00;0000-00-00 00:00:00
983;9640;IRON AND STEEL PRIMARY AND SEMIFINI;barang;0000-00-00 00:00:00;0000-00-00 00:00:00
984;9650;NONFERROUS BASE METAL REFINERY AND ;barang;0000-00-00 00:00:00;0000-00-00 00:00:00
985;9660;PRECIOUS METALS PRIMARY FORMS;barang;0000-00-00 00:00:00;0000-00-00 00:00:00
986;9670;IRON AND STEEL SCRAP;barang;0000-00-00 00:00:00;0000-00-00 00:00:00
987;9680;NONFERROUS METAL SCRAP;barang;0000-00-00 00:00:00;0000-00-00 00:00:00
988;9701;ADVERTISING AND GRAPHICS;barang;0000-00-00 00:00:00;0000-00-00 00:00:00
989;9702;CATERING;barang;0000-00-00 00:00:00;0000-00-00 00:00:00
990;9703;CLEANING;barang;0000-00-00 00:00:00;0000-00-00 00:00:00
991;9704;WASTE DISPOSAL;barang;0000-00-00 00:00:00;0000-00-00 00:00:00
992;9705;SECURITY;barang;0000-00-00 00:00:00;0000-00-00 00:00:00
993;9706;FIRE PROTECTION;barang;0000-00-00 00:00:00;0000-00-00 00:00:00
994;9707;FREIGHT AND CARTAGE;barang;0000-00-00 00:00:00;0000-00-00 00:00:00
995;9708;SUBSCRIPTIONS AND PERIODICALS;barang;0000-00-00 00:00:00;0000-00-00 00:00:00
996;9710;MAINTAIN-SERVICE-REPAIR : COMPUTER ;barang;0000-00-00 00:00:00;0000-00-00 00:00:00
997;9711;MAINTAIN-SERVICE-REPAIR : MOTOR VEH;barang;0000-00-00 00:00:00;0000-00-00 00:00:00
998;9712;MAINTAIN-SERVICE-REPAIR : OFFICE MA;barang;0000-00-00 00:00:00;0000-00-00 00:00:00
999;9713;MAINTAIN-SERVICE-REPAIR : PLANT AND;barang;0000-00-00 00:00:00;0000-00-00 00:00:00
1000;9714;MAINTAIN-SERVICE-REPAIR : PROPERTY;barang;0000-00-00 00:00:00;0000-00-00 00:00:00
1001;9720;HIRE-LEASE : COMPUTER HARDWARE AND ;barang;0000-00-00 00:00:00;0000-00-00 00:00:00
1002;9721;HIRE-LEASE : OFFICE MACHINES & EQUI;barang;0000-00-00 00:00:00;0000-00-00 00:00:00
1003;9722;HIRE-LEASE : PLANT AND INDUSTRIAL E;barang;0000-00-00 00:00:00;0000-00-00 00:00:00
1004;9723;HIRE-LEASE : PROPERTY;barang;0000-00-00 00:00:00;0000-00-00 00:00:00
1005;9724;HIRE-LEASE : TRANSPORTATION;barang;0000-00-00 00:00:00;0000-00-00 00:00:00
1006;9730;CONSULTANCIES;barang;0000-00-00 00:00:00;0000-00-00 00:00:00
1007;9731;CONTRACT STAFF;barang;0000-00-00 00:00:00;0000-00-00 00:00:00
1008;9740;CONSTRUCTION, EXCAVATION AND ASSOCI;barang;0000-00-00 00:00:00;0000-00-00 00:00:00
1009;9741;GARDENING AND LANDSCAPING;barang;0000-00-00 00:00:00;0000-00-00 00:00:00
1010;9742;INSPECTION AND TESTING;barang;0000-00-00 00:00:00;0000-00-00 00:00:00
1011;9743;INSTALLATION, CONNECTION AND FITTIN;barang;0000-00-00 00:00:00;0000-00-00 00:00:00
1012;9750;FINANCE : ADMINISTRATIVE CHARGES;barang;0000-00-00 00:00:00;0000-00-00 00:00:00
1013;9751;FINANCE : PUBLIC UTILITY CHARGES;barang;0000-00-00 00:00:00;0000-00-00 00:00:00
